model,sample_name,top_n,clean,outcome,covariance,term,coef,se,z,p,nobs,events,focal_firms,peer_firms,mean_y,mean_ai_active
M1_specz_x_ai_active,all_events,5,raw,peer_ar0_ma,event_cluster,ai_active_peer_tminus5,0.00032302004541206786,0.00026942139076747577,1.1989398632822381,0.23055132990372806,95466,20124,2652,4256,0.0011789291894496476,0.5557475960027654
M1_specz_x_ai_active,all_events,5,raw,peer_ar0_ma,event_cluster,specz_ai_active,-0.00022502063683845508,0.0002769567071977301,-0.8124758526891503,0.4165186369657048,95466,20124,2652,4256,0.0011789291894496476,0.5557475960027654
M1_specz_x_ai_active,all_events,5,raw,peer_ar0_ma,twoway_event_peer,ai_active_peer_tminus5,0.00032302004541206786,0.0002791251442074495,1.1572588572385836,0.24716661740363222,95466,20124,2652,4256,0.0011789291894496476,0.5557475960027654
M1_specz_x_ai_active,all_events,5,raw,peer_ar0_ma,twoway_event_peer,specz_ai_active,-0.00022502063683845508,0.00028944990081011053,-0.7774078906528168,0.436918158544366,95466,20124,2652,4256,0.0011789291894496476,0.5557475960027654
M2_plus_similarity_control,all_events,5,raw,peer_ar0_ma,event_cluster,ai_active_peer_tminus5,0.00032553945937079424,0.0002697329012885071,1.2068956282889505,0.22747234151255658,95466,20124,2652,4256,0.0011789291894496476,0.5557475960027654
M2_plus_similarity_control,all_events,5,raw,peer_ar0_ma,event_cluster,specz_ai_active,-0.00022467253702166092,0.0002769606617450362,-0.8112073953249341,0.41724657940673926,95466,20124,2652,4256,0.0011789291894496476,0.5557475960027654
M2_plus_similarity_control,all_events,5,raw,peer_ar0_ma,event_cluster,product_similarity,-0.0006654501070771244,0.002337459661595569,-0.28468945069318663,0.7758820734855902,95466,20124,2652,4256,0.0011789291894496476,0.5557475960027654
M2_plus_similarity_control,all_events,5,raw,peer_ar0_ma,twoway_event_peer,ai_active_peer_tminus5,0.00032553945937079424,0.0002790724903294658,1.1665050144730165,0.2434103223684012,95466,20124,2652,4256,0.0011789291894496476,0.5557475960027654
M2_plus_similarity_control,all_events,5,raw,peer_ar0_ma,twoway_event_peer,specz_ai_active,-0.00022467253702166092,0.000289549671468098,-0.7759378067414416,0.4377857084301431,95466,20124,2652,4256,0.0011789291894496476,0.5557475960027654
M2_plus_similarity_control,all_events,5,raw,peer_ar0_ma,twoway_event_peer,product_similarity,-0.0006654501070771244,0.0023560192047497245,-0.282446809319542,0.7776009267612876,95466,20124,2652,4256,0.0011789291894496476,0.5557475960027654
M1_specz_x_ai_active,all_events,5,raw,peer_car_0_p1_ma,event_cluster,ai_active_peer_tminus5,0.0001264038784643642,0.00038361059393190593,0.32951091670529287,0.7417695439271852,95391,20117,2652,4256,0.001738934490675222,0.5556603872482729
M1_specz_x_ai_active,all_events,5,raw,peer_car_0_p1_ma,event_cluster,specz_ai_active,-0.0004671704132455387,0.0003991127649047702,-1.170522354395273,0.2417908235169084,95391,20117,2652,4256,0.001738934490675222,0.5556603872482729
M1_specz_x_ai_active,all_events,5,raw,peer_car_0_p1_ma,twoway_event_peer,ai_active_peer_tminus5,0.0001264038784643642,0.0004171794314111289,0.30299643018544126,0.7618925821049614,95391,20117,2652,4256,0.001738934490675222,0.5556603872482729
M1_specz_x_ai_active,all_events,5,raw,peer_car_0_p1_ma,twoway_event_peer,specz_ai_active,-0.0004671704132455387,0.0004307857545452792,-1.0844611464431215,0.2781603850469787,95391,20117,2652,4256,0.001738934490675222,0.5556603872482729
M2_plus_similarity_control,all_events,5,raw,peer_car_0_p1_ma,event_cluster,ai_active_peer_tminus5,0.00013578524222785618,0.0003841327333742885,0.3534852159957707,0.7237247102521089,95391,20117,2652,4256,0.001738934490675222,0.5556603872482729
M2_plus_similarity_control,all_events,5,raw,peer_car_0_p1_ma,event_cluster,specz_ai_active,-0.0004658994297893665,0.0003991321992071914,-1.1672809929010912,0.24309691189865923,95391,20117,2652,4256,0.001738934490675222,0.5556603872482729
M2_plus_similarity_control,all_events,5,raw,peer_car_0_p1_ma,event_cluster,product_similarity,-0.0024745734935888333,0.0032828775570075417,-0.7537818424895792,0.45098022867326226,95391,20117,2652,4256,0.001738934490675222,0.5556603872482729
M2_plus_similarity_control,all_events,5,raw,peer_car_0_p1_ma,twoway_event_peer,ai_active_peer_tminus5,0.00013578524222785618,0.00041798592075339503,0.32485601903315614,0.7452900447492175,95391,20117,2652,4256,0.001738934490675222,0.5556603872482729
M2_plus_similarity_control,all_events,5,raw,peer_car_0_p1_ma,twoway_event_peer,specz_ai_active,-0.0004658994297893665,0.00043096967733294316,-1.0810492113333499,0.2796752237300397,95391,20117,2652,4256,0.001738934490675222,0.5556603872482729
M2_plus_similarity_control,all_events,5,raw,peer_car_0_p1_ma,twoway_event_peer,product_similarity,-0.0024745734935888333,0.003553411614372683,-0.6963937089583957,0.4861823017508944,95391,20117,2652,4256,0.001738934490675222,0.5556603872482729
M1_specz_x_ai_active,all_events,5,raw,peer_car_m1_p1_ma,event_cluster,ai_active_peer_tminus5,0.0001523702855519026,0.0004991843478477908,0.30523850799577296,0.7601845057996912,95348,20117,2652,4254,0.003360789570835256,0.5556802449972732
M1_specz_x_ai_active,all_events,5,raw,peer_car_m1_p1_ma,event_cluster,specz_ai_active,-0.0007198903184831321,0.0005139014049604697,-1.400833528638645,0.16126385981519853,95348,20117,2652,4254,0.003360789570835256,0.5556802449972732
M1_specz_x_ai_active,all_events,5,raw,peer_car_m1_p1_ma,twoway_event_peer,ai_active_peer_tminus5,0.0001523702855519026,0.0005986055752796766,0.25454204211297754,0.7990768284609873,95348,20117,2652,4254,0.003360789570835256,0.5556802449972732
M1_specz_x_ai_active,all_events,5,raw,peer_car_m1_p1_ma,twoway_event_peer,specz_ai_active,-0.0007198903184831321,0.0005429497993729339,-1.3258874380551409,0.18487698453873325,95348,20117,2652,4254,0.003360789570835256,0.5556802449972732
M2_plus_similarity_control,all_events,5,raw,peer_car_m1_p1_ma,event_cluster,ai_active_peer_tminus5,0.00018219309394274346,0.0004999177853402696,0.3644461135119118,0.7155249060138162,95348,20117,2652,4254,0.003360789570835256,0.5556802449972732
M2_plus_similarity_control,all_events,5,raw,peer_car_m1_p1_ma,event_cluster,specz_ai_active,-0.0007158482310401387,0.0005139198126524598,-1.3929181429014759,0.1636445454010551,95348,20117,2652,4254,0.003360789570835256,0.5556802449972732
M2_plus_similarity_control,all_events,5,raw,peer_car_m1_p1_ma,event_cluster,product_similarity,-0.007880202874259602,0.004060458906736144,-1.9407173069001267,0.052292575965269705,95348,20117,2652,4254,0.003360789570835256,0.5556802449972732
M2_plus_similarity_control,all_events,5,raw,peer_car_m1_p1_ma,twoway_event_peer,ai_active_peer_tminus5,0.00018219309394274346,0.0006015632860128078,0.30286604614840873,0.761991948025762,95348,20117,2652,4254,0.003360789570835256,0.5556802449972732
M2_plus_similarity_control,all_events,5,raw,peer_car_m1_p1_ma,twoway_event_peer,specz_ai_active,-0.0007158482310401387,0.0005434756244461791,-1.317167134716692,0.1877826076165121,95348,20117,2652,4254,0.003360789570835256,0.5556802449972732
M2_plus_similarity_control,all_events,5,raw,peer_car_m1_p1_ma,twoway_event_peer,product_similarity,-0.007880202874259602,0.004467958751507509,-1.7637143296367241,0.07778008732303476,95348,20117,2652,4254,0.003360789570835256,0.5556802449972732
M1_specz_x_ai_active,all_events,5,clean_m1_p1,peer_ar0_ma,event_cluster,ai_active_peer_tminus5,0.00015376571124415267,0.0002388443573934558,0.6437904287219547,0.5197113411571648,88020,20099,2649,4136,-0.00015089595546466616,0.5554192229038855
M1_specz_x_ai_active,all_events,5,clean_m1_p1,peer_ar0_ma,event_cluster,specz_ai_active,-0.00045627655757998515,0.00024208335977261348,-1.8847910819172422,0.05945804947410416,88020,20099,2649,4136,-0.00015089595546466616,0.5554192229038855
M1_specz_x_ai_active,all_events,5,clean_m1_p1,peer_ar0_ma,twoway_event_peer,ai_active_peer_tminus5,0.00015376571124415267,0.00024389620123034658,0.6304555399734554,0.5283965827101305,88020,20099,2649,4136,-0.00015089595546466616,0.5554192229038855
M1_specz_x_ai_active,all_events,5,clean_m1_p1,peer_ar0_ma,twoway_event_peer,specz_ai_active,-0.00045627655757998515,0.00023557525710657775,-1.936861125332695,0.05276232157209093,88020,20099,2649,4136,-0.00015089595546466616,0.5554192229038855
M2_plus_similarity_control,all_events,5,clean_m1_p1,peer_ar0_ma,event_cluster,ai_active_peer_tminus5,0.00015848061617257804,0.00023912318752125543,0.6627572081795323,0.5074860639149006,88020,20099,2649,4136,-0.00015089595546466616,0.5554192229038855
M2_plus_similarity_control,all_events,5,clean_m1_p1,peer_ar0_ma,event_cluster,specz_ai_active,-0.00045585862633777446,0.0002421080849270805,-1.8828723810486236,0.05971766496289921,88020,20099,2649,4136,-0.00015089595546466616,0.5554192229038855
M2_plus_similarity_control,all_events,5,clean_m1_p1,peer_ar0_ma,event_cluster,product_similarity,-0.0013563124256810305,0.002009395143878941,-0.6749854202706999,0.49968502799225534,88020,20099,2649,4136,-0.00015089595546466616,0.5554192229038855
M2_plus_similarity_control,all_events,5,clean_m1_p1,peer_ar0_ma,twoway_event_peer,ai_active_peer_tminus5,0.00015848061617257804,0.00024365068482267956,0.6504419073885004,0.5154068148690323,88020,20099,2649,4136,-0.00015089595546466616,0.5554192229038855
M2_plus_similarity_control,all_events,5,clean_m1_p1,peer_ar0_ma,twoway_event_peer,specz_ai_active,-0.00045585862633777446,0.00023572109667046735,-1.9338898078140807,0.053126677531943445,88020,20099,2649,4136,-0.00015089595546466616,0.5554192229038855
M2_plus_similarity_control,all_events,5,clean_m1_p1,peer_ar0_ma,twoway_event_peer,product_similarity,-0.0013563124256810305,0.002005756227327848,-0.6762100035895022,0.4989073221200484,88020,20099,2649,4136,-0.00015089595546466616,0.5554192229038855
M1_specz_x_ai_active,all_events,5,clean_m1_p1,peer_car_0_p1_ma,event_cluster,ai_active_peer_tminus5,-0.00013662336697558577,0.0003304158505881492,-0.41348914324900715,0.6792482750870938,88020,20099,2649,4136,-0.000718785378323107,0.5554192229038855
M1_specz_x_ai_active,all_events,5,clean_m1_p1,peer_car_0_p1_ma,event_cluster,specz_ai_active,-0.0003862969762322166,0.0003328934192452414,-1.1604223871654038,0.245876876348059,88020,20099,2649,4136,-0.000718785378323107,0.5554192229038855
M1_specz_x_ai_active,all_events,5,clean_m1_p1,peer_car_0_p1_ma,twoway_event_peer,ai_active_peer_tminus5,-0.00013662336697558577,0.00035812014051035766,-0.381501489362993,0.7028311662730917,88020,20099,2649,4136,-0.000718785378323107,0.5554192229038855
M1_specz_x_ai_active,all_events,5,clean_m1_p1,peer_car_0_p1_ma,twoway_event_peer,specz_ai_active,-0.0003862969762322166,0.0003300712329430241,-1.1703442701984816,0.24186245309086085,88020,20099,2649,4136,-0.000718785378323107,0.5554192229038855
M2_plus_similarity_control,all_events,5,clean_m1_p1,peer_car_0_p1_ma,event_cluster,ai_active_peer_tminus5,-0.00012368727207608932,0.00033067000325746047,-0.37405047587514645,0.7083667630521506,88020,20099,2649,4136,-0.000718785378323107,0.5554192229038855
M2_plus_similarity_control,all_events,5,clean_m1_p1,peer_car_0_p1_ma,event_cluster,specz_ai_active,-0.00038515031510271737,0.00033291752629449335,-1.156894079412388,0.24731563794311962,88020,20099,2649,4136,-0.000718785378323107,0.5554192229038855
M2_plus_similarity_control,all_events,5,clean_m1_p1,peer_car_0_p1_ma,event_cluster,product_similarity,-0.0037212598171810127,0.002758457189009231,-1.3490366397593418,0.17732519769761335,88020,20099,2649,4136,-0.000718785378323107,0.5554192229038855
M2_plus_similarity_control,all_events,5,clean_m1_p1,peer_car_0_p1_ma,twoway_event_peer,ai_active_peer_tminus5,-0.00012368727207608932,0.0003573581626182386,-0.34611570411565756,0.7292557618165374,88020,20099,2649,4136,-0.000718785378323107,0.5554192229038855
M2_plus_similarity_control,all_events,5,clean_m1_p1,peer_car_0_p1_ma,twoway_event_peer,specz_ai_active,-0.00038515031510271737,0.0003303194091687021,-1.1659935941154818,0.24361703546000157,88020,20099,2649,4136,-0.000718785378323107,0.5554192229038855
M2_plus_similarity_control,all_events,5,clean_m1_p1,peer_car_0_p1_ma,twoway_event_peer,product_similarity,-0.0037212598171810127,0.0029422028130398196,-1.2647869822870192,0.20594769911018096,88020,20099,2649,4136,-0.000718785378323107,0.5554192229038855
M1_specz_x_ai_active,all_events,5,clean_m1_p1,peer_car_m1_p1_ma,event_cluster,ai_active_peer_tminus5,-0.0004093163483407534,0.00044115615990726424,-0.9278264377557282,0.3534976077689924,88020,20099,2649,4136,-0.0004449933310611219,0.5554192229038855
M1_specz_x_ai_active,all_events,5,clean_m1_p1,peer_car_m1_p1_ma,event_cluster,specz_ai_active,-0.0003638724530272009,0.0004375089227443859,-0.8316915018434788,0.40558309865924835,88020,20099,2649,4136,-0.0004449933310611219,0.5554192229038855
M1_specz_x_ai_active,all_events,5,clean_m1_p1,peer_car_m1_p1_ma,twoway_event_peer,ai_active_peer_tminus5,-0.0004093163483407534,0.0004831040422620415,-0.8472633481272658,0.39684835105104543,88020,20099,2649,4136,-0.0004449933310611219,0.5554192229038855
M1_specz_x_ai_active,all_events,5,clean_m1_p1,peer_car_m1_p1_ma,twoway_event_peer,specz_ai_active,-0.0003638724530272009,0.00042999994035770086,-0.8462151244125964,0.3974327461407605,88020,20099,2649,4136,-0.0004449933310611219,0.5554192229038855
M2_plus_similarity_control,all_events,5,clean_m1_p1,peer_car_m1_p1_ma,event_cluster,ai_active_peer_tminus5,-0.0003870631665504688,0.0004415429664856794,-0.8766149524046883,0.38069581489303506,88020,20099,2649,4136,-0.0004449933310611219,0.5554192229038855
M2_plus_similarity_control,all_events,5,clean_m1_p1,peer_car_m1_p1_ma,event_cluster,specz_ai_active,-0.00036189992122646366,0.0004375306099334999,-0.8271419484946863,0.4081566103665253,88020,20099,2649,4136,-0.0004449933310611219,0.5554192229038855
M2_plus_similarity_control,all_events,5,clean_m1_p1,peer_car_m1_p1_ma,event_cluster,product_similarity,-0.006401458233259727,0.0034649901912958314,-1.847467923384141,0.06467935287194737,88020,20099,2649,4136,-0.0004449933310611219,0.5554192229038855
M2_plus_similarity_control,all_events,5,clean_m1_p1,peer_car_m1_p1_ma,twoway_event_peer,ai_active_peer_tminus5,-0.0003870631665504688,0.0004827854034833733,-0.8017292232899889,0.42270960757784115,88020,20099,2649,4136,-0.0004449933310611219,0.5554192229038855
M2_plus_similarity_control,all_events,5,clean_m1_p1,peer_car_m1_p1_ma,twoway_event_peer,specz_ai_active,-0.00036189992122646366,0.0004304082441358912,-0.8408294361392444,0.4004434939682191,88020,20099,2649,4136,-0.0004449933310611219,0.5554192229038855
M2_plus_similarity_control,all_events,5,clean_m1_p1,peer_car_m1_p1_ma,twoway_event_peer,product_similarity,-0.006401458233259727,0.003828378000739304,-1.6721071513898398,0.09450319469458268,88020,20099,2649,4136,-0.0004449933310611219,0.5554192229038855
M1_specz_x_ai_active,all_events,10,raw,peer_ar0_ma,event_cluster,ai_active_peer_tminus5,-3.527561741701783e-06,0.0001861514865705332,-0.01894995203471116,0.9848810307209945,190611,20124,2652,5041,0.0011238343065195612,0.5446695101541884
M1_specz_x_ai_active,all_events,10,raw,peer_ar0_ma,event_cluster,specz_ai_active,-0.00016052982411884258,0.00018008544374355874,-0.8914092154357388,0.3727096756465409,190611,20124,2652,5041,0.0011238343065195612,0.5446695101541884
M1_specz_x_ai_active,all_events,10,raw,peer_ar0_ma,twoway_event_peer,ai_active_peer_tminus5,-3.527561741701783e-06,0.00022247597316223046,-0.01585592228932276,0.9873493344948221,190611,20124,2652,5041,0.0011238343065195612,0.5446695101541884
M1_specz_x_ai_active,all_events,10,raw,peer_ar0_ma,twoway_event_peer,specz_ai_active,-0.00016052982411884258,0.00019188061388493183,-0.8366130421862737,0.4028101121732124,190611,20124,2652,5041,0.0011238343065195612,0.5446695101541884
M2_plus_similarity_control,all_events,10,raw,peer_ar0_ma,event_cluster,ai_active_peer_tminus5,-8.85726751573795e-06,0.0001861423520273932,-0.047583300733379,0.9620483410374121,190611,20124,2652,5041,0.0011238343065195612,0.5446695101541884
M2_plus_similarity_control,all_events,10,raw,peer_ar0_ma,event_cluster,specz_ai_active,-0.00016035779399321986,0.0001800762015871012,-0.8904996472599199,0.37319765773231284,190611,20124,2652,5041,0.0011238343065195612,0.5446695101541884
M2_plus_similarity_control,all_events,10,raw,peer_ar0_ma,event_cluster,product_similarity,0.0016487329074186057,0.0016851264793231934,0.9784030621136494,0.32787501432210275,190611,20124,2652,5041,0.0011238343065195612,0.5446695101541884
M2_plus_similarity_control,all_events,10,raw,peer_ar0_ma,twoway_event_peer,ai_active_peer_tminus5,-8.85726751573795e-06,0.00022200817620953684,-0.03989613205676822,0.9681759348212897,190611,20124,2652,5041,0.0011238343065195612,0.5446695101541884
M2_plus_similarity_control,all_events,10,raw,peer_ar0_ma,twoway_event_peer,specz_ai_active,-0.00016035779399321986,0.00019180828536785247,-0.8360316327612416,0.40313710764267996,190611,20124,2652,5041,0.0011238343065195612,0.5446695101541884
M2_plus_similarity_control,all_events,10,raw,peer_ar0_ma,twoway_event_peer,product_similarity,0.0016487329074186057,0.0017135601939366413,0.9621680716280501,0.335965184635594,190611,20124,2652,5041,0.0011238343065195612,0.5446695101541884
M1_specz_x_ai_active,all_events,10,raw,peer_car_0_p1_ma,event_cluster,ai_active_peer_tminus5,-0.0002142547854382981,0.0002636479686295793,-0.8126547932532044,0.4164160068770828,190454,20117,2652,5041,0.0016647252302393236,0.5445776933012696
M1_specz_x_ai_active,all_events,10,raw,peer_car_0_p1_ma,event_cluster,specz_ai_active,-0.00028203774715700246,0.00026105838195075086,-1.080362733613393,0.2799806840001213,190454,20117,2652,5041,0.0016647252302393236,0.5445776933012696
M1_specz_x_ai_active,all_events,10,raw,peer_car_0_p1_ma,twoway_event_peer,ai_active_peer_tminus5,-0.0002142547854382981,0.0003670124842580198,-0.58378064678495,0.5593679005357437,190454,20117,2652,5041,0.0016647252302393236,0.5445776933012696
M1_specz_x_ai_active,all_events,10,raw,peer_car_0_p1_ma,twoway_event_peer,specz_ai_active,-0.00028203774715700246,0.00029486063722608595,-0.9565120316169856,0.3388136086858038,190454,20117,2652,5041,0.0016647252302393236,0.5445776933012696
M2_plus_similarity_control,all_events,10,raw,peer_car_0_p1_ma,event_cluster,ai_active_peer_tminus5,-0.00021830292948064024,0.00026372112111744297,-0.8277794685372332,0.4077954042534411,190454,20117,2652,5041,0.0016647252302393236,0.5445776933012696
M2_plus_similarity_control,all_events,10,raw,peer_car_0_p1_ma,event_cluster,specz_ai_active,-0.00028190410883290057,0.000261051866236433,-1.0798777763863285,0.28019661080021363,190454,20117,2652,5041,0.0016647252302393236,0.5445776933012696
M2_plus_similarity_control,all_events,10,raw,peer_car_0_p1_ma,event_cluster,product_similarity,0.0012516529991849056,0.002336149002277098,0.535776184637577,0.592113243379238,190454,20117,2652,5041,0.0016647252302393236,0.5445776933012696
M2_plus_similarity_control,all_events,10,raw,peer_car_0_p1_ma,twoway_event_peer,ai_active_peer_tminus5,-0.00021830292948064024,0.0003670263531548672,-0.5947881605889129,0.55198508252187,190454,20117,2652,5041,0.0016647252302393236,0.5445776933012696
M2_plus_similarity_control,all_events,10,raw,peer_car_0_p1_ma,twoway_event_peer,specz_ai_active,-0.00028190410883290057,0.0002948201481937923,-0.9561901062731923,0.33897619753726094,190454,20117,2652,5041,0.0016647252302393236,0.5445776933012696
M2_plus_similarity_control,all_events,10,raw,peer_car_0_p1_ma,twoway_event_peer,product_similarity,0.0012516529991849056,0.002520511844148556,0.4965868349679275,0.6194804387983355,190454,20117,2652,5041,0.0016647252302393236,0.5445776933012696
M1_specz_x_ai_active,all_events,10,raw,peer_car_m1_p1_ma,event_cluster,ai_active_peer_tminus5,8.094952597892993e-05,0.0003425348154033477,0.2363249583363046,0.8131805214064081,190356,20117,2652,5040,0.003212718427577801,0.5446479228393116
M1_specz_x_ai_active,all_events,10,raw,peer_car_m1_p1_ma,event_cluster,specz_ai_active,-0.0005701780530497055,0.000364670818078639,-1.5635417609059965,0.11792522109339099,190356,20117,2652,5040,0.003212718427577801,0.5446479228393116
M1_specz_x_ai_active,all_events,10,raw,peer_car_m1_p1_ma,twoway_event_peer,ai_active_peer_tminus5,8.094952597892993e-05,0.0005086532826156651,0.15914480205978504,0.8735547910499224,190356,20117,2652,5040,0.003212718427577801,0.5446479228393116
M1_specz_x_ai_active,all_events,10,raw,peer_car_m1_p1_ma,twoway_event_peer,specz_ai_active,-0.0005701780530497055,0.0004039767185171854,-1.4114131505958303,0.15812282760446772,190356,20117,2652,5040,0.003212718427577801,0.5446479228393116
M2_plus_similarity_control,all_events,10,raw,peer_car_m1_p1_ma,event_cluster,ai_active_peer_tminus5,7.73393193371953e-05,0.0003426775661610415,0.22569122397948177,0.8214415842466518,190356,20117,2652,5040,0.003212718427577801,0.5446479228393116
M2_plus_similarity_control,all_events,10,raw,peer_car_m1_p1_ma,event_cluster,specz_ai_active,-0.0005700588023338256,0.0003646627825302437,-1.5632491980081547,0.11799399233232766,190356,20117,2652,5040,0.003212718427577801,0.5446479228393116
M2_plus_similarity_control,all_events,10,raw,peer_car_m1_p1_ma,event_cluster,product_similarity,0.0011199735096422908,0.0029532592172609373,0.37923305312868333,0.7045148086769024,190356,20117,2652,5040,0.003212718427577801,0.5446479228393116
M2_plus_similarity_control,all_events,10,raw,peer_car_m1_p1_ma,twoway_event_peer,ai_active_peer_tminus5,7.73393193371953e-05,0.0005091543234733677,0.15189759915932577,0.8792677019152622,190356,20117,2652,5040,0.003212718427577801,0.5446479228393116
M2_plus_similarity_control,all_events,10,raw,peer_car_m1_p1_ma,twoway_event_peer,specz_ai_active,-0.0005700588023338256,0.0004039439218322399,-1.4112325288820018,0.15817606161219344,190356,20117,2652,5040,0.003212718427577801,0.5446479228393116
M2_plus_similarity_control,all_events,10,raw,peer_car_m1_p1_ma,twoway_event_peer,product_similarity,0.0011199735096422908,0.003357600871108433,0.33356362254950156,0.7387088724607622,190356,20117,2652,5040,0.003212718427577801,0.5446479228393116
M1_specz_x_ai_active,all_events,10,clean_m1_p1,peer_ar0_ma,event_cluster,ai_active_peer_tminus5,-5.934299859314647e-06,0.00015932525638232461,-0.037246447889432,0.9702885042255751,176129,20116,2652,4926,-0.00017846628891323872,0.5451402097326391
M1_specz_x_ai_active,all_events,10,clean_m1_p1,peer_ar0_ma,event_cluster,specz_ai_active,-0.00016277993131235877,0.00015988685509609423,-1.0180945219951056,0.3086330384141982,176129,20116,2652,4926,-0.00017846628891323872,0.5451402097326391
M1_specz_x_ai_active,all_events,10,clean_m1_p1,peer_ar0_ma,twoway_event_peer,ai_active_peer_tminus5,-5.934299859314647e-06,0.00017096681980237395,-0.034710242994367535,0.9723107931218995,176129,20116,2652,4926,-0.00017846628891323872,0.5451402097326391
M1_specz_x_ai_active,all_events,10,clean_m1_p1,peer_ar0_ma,twoway_event_peer,specz_ai_active,-0.00016277993131235877,0.0001585864495207779,-1.0264428758210609,0.3046828767545229,176129,20116,2652,4926,-0.00017846628891323872,0.5451402097326391
M2_plus_similarity_control,all_events,10,clean_m1_p1,peer_ar0_ma,event_cluster,ai_active_peer_tminus5,-7.0190479019023155e-06,0.00015942346925010108,-0.044027695137476536,0.9648823277398046,176129,20116,2652,4926,-0.00017846628891323872,0.5451402097326391
M2_plus_similarity_control,all_events,10,clean_m1_p1,peer_ar0_ma,event_cluster,specz_ai_active,-0.00016275875326784446,0.00015988437744285331,-1.0179778404304607,0.30868848711973707,176129,20116,2652,4926,-0.00017846628891323872,0.5451402097326391
M2_plus_similarity_control,all_events,10,clean_m1_p1,peer_ar0_ma,event_cluster,product_similarity,0.0003480582563425693,0.00139028390170781,0.2503504902236286,0.8023163137248044,176129,20116,2652,4926,-0.00017846628891323872,0.5451402097326391
M2_plus_similarity_control,all_events,10,clean_m1_p1,peer_ar0_ma,twoway_event_peer,ai_active_peer_tminus5,-7.0190479019023155e-06,0.00017070228357963393,-0.04111865263142701,0.9672013045287386,176129,20116,2652,4926,-0.00017846628891323872,0.5451402097326391
M2_plus_similarity_control,all_events,10,clean_m1_p1,peer_ar0_ma,twoway_event_peer,specz_ai_active,-0.00016275875326784446,0.00015856708381968934,-1.0264346757673968,0.30468674020645126,176129,20116,2652,4926,-0.00017846628891323872,0.5451402097326391
M2_plus_similarity_control,all_events,10,clean_m1_p1,peer_ar0_ma,twoway_event_peer,product_similarity,0.0003480582563425693,0.001375988755412123,0.25295138130567224,0.8003057836687539,176129,20116,2652,4926,-0.00017846628891323872,0.5451402097326391
M1_specz_x_ai_active,all_events,10,clean_m1_p1,peer_car_0_p1_ma,event_cluster,ai_active_peer_tminus5,-0.0002503340088698189,0.0002206480519615366,-1.1345398549607733,0.25656816573797814,176129,20116,2652,4926,-0.0007771881291553338,0.5451402097326391
M1_specz_x_ai_active,all_events,10,clean_m1_p1,peer_car_0_p1_ma,event_cluster,specz_ai_active,-0.00013981524847362522,0.0002244897969193776,-0.6228133767871773,0.533407166834075,176129,20116,2652,4926,-0.0007771881291553338,0.5451402097326391
M1_specz_x_ai_active,all_events,10,clean_m1_p1,peer_car_0_p1_ma,twoway_event_peer,ai_active_peer_tminus5,-0.0002503340088698189,0.00026553727230261767,-0.9427452752641351,0.3458112092105283,176129,20116,2652,4926,-0.0007771881291553338,0.5451402097326391
M1_specz_x_ai_active,all_events,10,clean_m1_p1,peer_car_0_p1_ma,twoway_event_peer,specz_ai_active,-0.00013981524847362522,0.00023142410893634626,-0.6041516120175783,0.5457428480940829,176129,20116,2652,4926,-0.0007771881291553338,0.5451402097326391
M2_plus_similarity_control,all_events,10,clean_m1_p1,peer_car_0_p1_ma,event_cluster,ai_active_peer_tminus5,-0.00025111322227013905,0.00022075417733055764,-1.1375242149738427,0.2553192076353783,176129,20116,2652,4926,-0.0007771881291553338,0.5451402097326391
M2_plus_similarity_control,all_events,10,clean_m1_p1,peer_car_0_p1_ma,event_cluster,specz_ai_active,-0.0001398000355251521,0.000224489213218313,-0.6227472292363477,0.5334506410862885,176129,20116,2652,4926,-0.0007771881291553338,0.5451402097326391
M2_plus_similarity_control,all_events,10,clean_m1_p1,peer_car_0_p1_ma,event_cluster,product_similarity,0.00025002272120932623,0.0019227202301737478,0.13003593413417863,0.8965379967181053,176129,20116,2652,4926,-0.0007771881291553338,0.5451402097326391
M2_plus_similarity_control,all_events,10,clean_m1_p1,peer_car_0_p1_ma,twoway_event_peer,ai_active_peer_tminus5,-0.00025111322227013905,0.0002652756950393158,-0.9466122489394373,0.34383639997591464,176129,20116,2652,4926,-0.0007771881291553338,0.5451402097326391
M2_plus_similarity_control,all_events,10,clean_m1_p1,peer_car_0_p1_ma,twoway_event_peer,specz_ai_active,-0.0001398000355251521,0.00023141550339638865,-0.6041083396460712,0.5457716153126135,176129,20116,2652,4926,-0.0007771881291553338,0.5451402097326391
M2_plus_similarity_control,all_events,10,clean_m1_p1,peer_car_0_p1_ma,twoway_event_peer,product_similarity,0.00025002272120932623,0.002046030812049798,0.12219890323100421,0.9027414950412371,176129,20116,2652,4926,-0.0007771881291553338,0.5451402097326391
M1_specz_x_ai_active,all_events,10,clean_m1_p1,peer_car_m1_p1_ma,event_cluster,ai_active_peer_tminus5,-0.000489331992384173,0.00029890508580484535,-1.6370815205990072,0.10161343723890459,176129,20116,2652,4926,-0.0005394870861697952,0.5451402097326391
M1_specz_x_ai_active,all_events,10,clean_m1_p1,peer_car_m1_p1_ma,event_cluster,specz_ai_active,-0.00012633383545280412,0.00032688406160894955,-0.38647903122280985,0.6991419292274719,176129,20116,2652,4926,-0.0005394870861697952,0.5451402097326391
M1_specz_x_ai_active,all_events,10,clean_m1_p1,peer_car_m1_p1_ma,twoway_event_peer,ai_active_peer_tminus5,-0.000489331992384173,0.00035894370692596505,-1.3632555270988538,0.1728019927967357,176129,20116,2652,4926,-0.0005394870861697952,0.5451402097326391
M1_specz_x_ai_active,all_events,10,clean_m1_p1,peer_car_m1_p1_ma,twoway_event_peer,specz_ai_active,-0.00012633383545280412,0.00033323053119373126,-0.37911842891537756,0.704599921745638,176129,20116,2652,4926,-0.0005394870861697952,0.5451402097326391
M2_plus_similarity_control,all_events,10,clean_m1_p1,peer_car_m1_p1_ma,event_cluster,ai_active_peer_tminus5,-0.0004913415492616919,0.00029879586516179835,-1.6444054505092625,0.10009248000887472,176129,20116,2652,4926,-0.0005394870861697952,0.5451402097326391
M2_plus_similarity_control,all_events,10,clean_m1_p1,peer_car_m1_p1_ma,event_cluster,specz_ai_active,-0.0001262946019318981,0.0003268760892043733,-0.3863684316564822,0.6992238262933705,176129,20116,2652,4926,-0.0005394870861697952,0.5451402097326391
M2_plus_similarity_control,all_events,10,clean_m1_p1,peer_car_m1_p1_ma,event_cluster,product_similarity,0.0006447975339435294,0.0025544534403485774,0.2524209381774996,0.800715717695685,176129,20116,2652,4926,-0.0005394870861697952,0.5451402097326391
M2_plus_similarity_control,all_events,10,clean_m1_p1,peer_car_m1_p1_ma,twoway_event_peer,ai_active_peer_tminus5,-0.0004913415492616919,0.00035860212730738205,-1.3701579322772113,0.17063760693371832,176129,20116,2652,4926,-0.0005394870861697952,0.5451402097326391
M2_plus_similarity_control,all_events,10,clean_m1_p1,peer_car_m1_p1_ma,twoway_event_peer,specz_ai_active,-0.0001262946019318981,0.0003332096027393144,-0.37902449657402076,0.7046696730283324,176129,20116,2652,4926,-0.0005394870861697952,0.5451402097326391
M2_plus_similarity_control,all_events,10,clean_m1_p1,peer_car_m1_p1_ma,twoway_event_peer,product_similarity,0.0006447975339435294,0.0029607683618910648,0.21778047288092892,0.8276001597888938,176129,20116,2652,4926,-0.0005394870861697952,0.5451402097326391
M1_specz_x_ai_active,first_focal_event,5,raw,peer_ar0_ma,event_cluster,ai_active_peer_tminus5,-0.000799455334956957,0.0007599373750323613,-1.0520016006883632,0.2927988152372043,12406,2652,2652,4208,0.001966050217636627,0.2565694019023053
M1_specz_x_ai_active,first_focal_event,5,raw,peer_ar0_ma,event_cluster,specz_ai_active,-0.0009816304135923865,0.000697257281684296,-1.4078453382676166,0.15917687190725038,12406,2652,2652,4208,0.001966050217636627,0.2565694019023053
M1_specz_x_ai_active,first_focal_event,5,raw,peer_ar0_ma,twoway_event_peer,ai_active_peer_tminus5,-0.000799455334956957,0.0007398939112709171,-1.0804999511128983,0.27991960855169884,12406,2652,2652,4208,0.001966050217636627,0.2565694019023053
M1_specz_x_ai_active,first_focal_event,5,raw,peer_ar0_ma,twoway_event_peer,specz_ai_active,-0.0009816304135923865,0.0006941309320068588,-1.414186241137986,0.15730722667966623,12406,2652,2652,4208,0.001966050217636627,0.2565694019023053
M2_plus_similarity_control,first_focal_event,5,raw,peer_ar0_ma,event_cluster,ai_active_peer_tminus5,-0.0008033097237676483,0.000759324420244751,-1.0579268917872016,0.2900887740077813,12406,2652,2652,4208,0.001966050217636627,0.2565694019023053
M2_plus_similarity_control,first_focal_event,5,raw,peer_ar0_ma,event_cluster,specz_ai_active,-0.000981501918577057,0.0006965059591254654,-1.409179499066215,0.15878209813930333,12406,2652,2652,4208,0.001966050217636627,0.2565694019023053
M2_plus_similarity_control,first_focal_event,5,raw,peer_ar0_ma,event_cluster,product_similarity,0.007819165249799784,0.005493078699594876,1.4234577142279905,0.15460351195893418,12406,2652,2652,4208,0.001966050217636627,0.2565694019023053
M2_plus_similarity_control,first_focal_event,5,raw,peer_ar0_ma,twoway_event_peer,ai_active_peer_tminus5,-0.0008033097237676483,0.0007393684218181436,-1.0864809749275874,0.27726625355780365,12406,2652,2652,4208,0.001966050217636627,0.2565694019023053
M2_plus_similarity_control,first_focal_event,5,raw,peer_ar0_ma,twoway_event_peer,specz_ai_active,-0.000981501918577057,0.0006934637144872175,-1.415361608794239,0.15696249983384059,12406,2652,2652,4208,0.001966050217636627,0.2565694019023053
M2_plus_similarity_control,first_focal_event,5,raw,peer_ar0_ma,twoway_event_peer,product_similarity,0.007819165249799784,0.0054092687121070635,1.4455124464974116,0.14831399951152413,12406,2652,2652,4208,0.001966050217636627,0.2565694019023053
M1_specz_x_ai_active,first_focal_event,5,raw,peer_car_0_p1_ma,event_cluster,ai_active_peer_tminus5,-0.0015264965430819232,0.0010426348173554107,-1.4640759330805801,0.14317320226301078,12402,2652,2652,4208,0.0031937071440090296,0.25665215287856796
M1_specz_x_ai_active,first_focal_event,5,raw,peer_car_0_p1_ma,event_cluster,specz_ai_active,-0.0020616749912899016,0.0009009414878320871,-2.2883561464694657,0.022116789266225068,12402,2652,2652,4208,0.0031937071440090296,0.25665215287856796
M1_specz_x_ai_active,first_focal_event,5,raw,peer_car_0_p1_ma,twoway_event_peer,ai_active_peer_tminus5,-0.0015264965430819232,0.0010267509085528906,-1.4867252907848676,0.13708738021495903,12402,2652,2652,4208,0.0031937071440090296,0.25665215287856796
M1_specz_x_ai_active,first_focal_event,5,raw,peer_car_0_p1_ma,twoway_event_peer,specz_ai_active,-0.0020616749912899016,0.0008941744667348428,-2.3056741922169732,0.02112884421137684,12402,2652,2652,4208,0.0031937071440090296,0.25665215287856796
M2_plus_similarity_control,first_focal_event,5,raw,peer_car_0_p1_ma,event_cluster,ai_active_peer_tminus5,-0.0015292184941396649,0.00104238898670951,-1.4670324740929204,0.1423672215679519,12402,2652,2652,4208,0.0031937071440090296,0.25665215287856796
M2_plus_similarity_control,first_focal_event,5,raw,peer_car_0_p1_ma,event_cluster,specz_ai_active,-0.0020615286168575906,0.0009007113179308085,-2.2887784085954546,0.02209223059840948,12402,2652,2652,4208,0.0031937071440090296,0.25665215287856796
M2_plus_similarity_control,first_focal_event,5,raw,peer_car_0_p1_ma,event_cluster,product_similarity,0.0055596322171267976,0.007189126784508571,0.7733390137320884,0.43932177244711523,12402,2652,2652,4208,0.0031937071440090296,0.25665215287856796
M2_plus_similarity_control,first_focal_event,5,raw,peer_car_0_p1_ma,twoway_event_peer,ai_active_peer_tminus5,-0.0015292184941396649,0.0010265940702074076,-1.4896038643888814,0.13632842532980405,12402,2652,2652,4208,0.0031937071440090296,0.25665215287856796
M2_plus_similarity_control,first_focal_event,5,raw,peer_car_0_p1_ma,twoway_event_peer,specz_ai_active,-0.0020615286168575906,0.0008939822930138139,-2.3060060953866515,0.02111029174846868,12402,2652,2652,4208,0.0031937071440090296,0.25665215287856796
M2_plus_similarity_control,first_focal_event,5,raw,peer_car_0_p1_ma,twoway_event_peer,product_similarity,0.0055596322171267976,0.007152469582151282,0.7773024622153795,0.4369803427175303,12402,2652,2652,4208,0.0031937071440090296,0.25665215287856796
M1_specz_x_ai_active,first_focal_event,5,raw,peer_car_m1_p1_ma,event_cluster,ai_active_peer_tminus5,-0.0010453853694663419,0.0014310001973039963,-0.7305277605382916,0.46506765057845634,12398,2652,2652,4205,0.005662278996612353,0.25673495725116957
M1_specz_x_ai_active,first_focal_event,5,raw,peer_car_m1_p1_ma,event_cluster,specz_ai_active,-0.0036281575890925507,0.0012251225632633302,-2.9614649977781102,0.0030617929293081936,12398,2652,2652,4205,0.005662278996612353,0.25673495725116957
M1_specz_x_ai_active,first_focal_event,5,raw,peer_car_m1_p1_ma,twoway_event_peer,ai_active_peer_tminus5,-0.0010453853694663419,0.0014119541206368588,-0.7403819672234273,0.45906825756295566,12398,2652,2652,4205,0.005662278996612353,0.25673495725116957
M1_specz_x_ai_active,first_focal_event,5,raw,peer_car_m1_p1_ma,twoway_event_peer,specz_ai_active,-0.0036281575890925507,0.0012184980250296179,-2.9775654244530774,0.002905476265692597,12398,2652,2652,4205,0.005662278996612353,0.25673495725116957
M2_plus_similarity_control,first_focal_event,5,raw,peer_car_m1_p1_ma,event_cluster,ai_active_peer_tminus5,-0.0010459762302324042,0.0014309532679535103,-0.7309646329179679,0.4648007557294931,12398,2652,2652,4205,0.005662278996612353,0.25673495725116957
M2_plus_similarity_control,first_focal_event,5,raw,peer_car_m1_p1_ma,event_cluster,specz_ai_active,-0.0036281202422980365,0.0012251854847912175,-2.961282424037451,0.003063608673996576,12398,2652,2652,4205,0.005662278996612353,0.25673495725116957
M2_plus_similarity_control,first_focal_event,5,raw,peer_car_m1_p1_ma,event_cluster,product_similarity,0.0012274676377058316,0.008431987036837781,0.14557276147878953,0.8842586720747743,12398,2652,2652,4205,0.005662278996612353,0.25673495725116957
M2_plus_similarity_control,first_focal_event,5,raw,peer_car_m1_p1_ma,twoway_event_peer,ai_active_peer_tminus5,-0.0010459762302324042,0.0014119249484484434,-0.7408157433451557,0.4588051681719869,12398,2652,2652,4205,0.005662278996612353,0.25673495725116957
M2_plus_similarity_control,first_focal_event,5,raw,peer_car_m1_p1_ma,twoway_event_peer,specz_ai_active,-0.0036281202422980365,0.0012185574003238668,-2.9773896915596745,0.002907142368988813,12398,2652,2652,4205,0.005662278996612353,0.25673495725116957
M2_plus_similarity_control,first_focal_event,5,raw,peer_car_m1_p1_ma,twoway_event_peer,product_similarity,0.0012274676377058316,0.008646656081057998,0.141958651552571,0.88711266612306,12398,2652,2652,4205,0.005662278996612353,0.25673495725116957
M1_specz_x_ai_active,first_focal_event,5,clean_m1_p1,peer_ar0_ma,event_cluster,ai_active_peer_tminus5,-0.0010145945102214473,0.0006610473589312762,-1.5348287781706826,0.12482589183858517,11589,2647,2647,4046,0.0008505662265941841,0.2561912158080939
M1_specz_x_ai_active,first_focal_event,5,clean_m1_p1,peer_ar0_ma,event_cluster,specz_ai_active,-0.0007457357486135479,0.0005786973291393184,-1.2886455683537736,0.1975213337765691,11589,2647,2647,4046,0.0008505662265941841,0.2561912158080939
M1_specz_x_ai_active,first_focal_event,5,clean_m1_p1,peer_ar0_ma,twoway_event_peer,ai_active_peer_tminus5,-0.0010145945102214473,0.0006562589651229628,-1.5460276569804168,0.12209788855974235,11589,2647,2647,4046,0.0008505662265941841,0.2561912158080939
M1_specz_x_ai_active,first_focal_event,5,clean_m1_p1,peer_ar0_ma,twoway_event_peer,specz_ai_active,-0.0007457357486135479,0.00057226837039737,-1.3031224285482108,0.19253296759977223,11589,2647,2647,4046,0.0008505662265941841,0.2561912158080939
M2_plus_similarity_control,first_focal_event,5,clean_m1_p1,peer_ar0_ma,event_cluster,ai_active_peer_tminus5,-0.001014573822994277,0.0006610313824951106,-1.5348345779964259,0.12482446682352788,11589,2647,2647,4046,0.0008505662265941841,0.2561912158080939
M2_plus_similarity_control,first_focal_event,5,clean_m1_p1,peer_ar0_ma,event_cluster,specz_ai_active,-0.0007457725386392143,0.0005786667600411164,-1.2887772205651218,0.19747554752775964,11589,2647,2647,4046,0.0008505662265941841,0.2561912158080939
M2_plus_similarity_control,first_focal_event,5,clean_m1_p1,peer_ar0_ma,event_cluster,product_similarity,-4.734379789102065e-05,0.0044799707647542744,-0.010567880992325505,0.9915682078600239,11589,2647,2647,4046,0.0008505662265941841,0.2561912158080939
M2_plus_similarity_control,first_focal_event,5,clean_m1_p1,peer_ar0_ma,twoway_event_peer,ai_active_peer_tminus5,-0.001014573822994277,0.0006562564504713425,-1.546002057984467,0.12210407080062202,11589,2647,2647,4046,0.0008505662265941841,0.2561912158080939
M2_plus_similarity_control,first_focal_event,5,clean_m1_p1,peer_ar0_ma,twoway_event_peer,specz_ai_active,-0.0007457725386392143,0.0005721946067644243,-1.3033547150266185,0.19245368928032947,11589,2647,2647,4046,0.0008505662265941841,0.2561912158080939
M2_plus_similarity_control,first_focal_event,5,clean_m1_p1,peer_ar0_ma,twoway_event_peer,product_similarity,-4.734379789102065e-05,0.004479178029239601,-0.010569751320881945,0.991566715637088,11589,2647,2647,4046,0.0008505662265941841,0.2561912158080939
M1_specz_x_ai_active,first_focal_event,5,clean_m1_p1,peer_car_0_p1_ma,event_cluster,ai_active_peer_tminus5,-0.0024640724614148025,0.0009057515880775175,-2.7204726923469864,0.006518865591058631,11589,2647,2647,4046,0.0013588823884718253,0.2561912158080939
M1_specz_x_ai_active,first_focal_event,5,clean_m1_p1,peer_car_0_p1_ma,event_cluster,specz_ai_active,-0.0016687990250221823,0.0007483051672493876,-2.2301049064732994,0.025740479177499775,11589,2647,2647,4046,0.0013588823884718253,0.2561912158080939
M1_specz_x_ai_active,first_focal_event,5,clean_m1_p1,peer_car_0_p1_ma,twoway_event_peer,ai_active_peer_tminus5,-0.0024640724614148025,0.0008889881864275148,-2.7717718852000908,0.005575209140071591,11589,2647,2647,4046,0.0013588823884718253,0.2561912158080939
M1_specz_x_ai_active,first_focal_event,5,clean_m1_p1,peer_car_0_p1_ma,twoway_event_peer,specz_ai_active,-0.0016687990250221823,0.0007406682888413585,-2.2530990595435325,0.024252903764367728,11589,2647,2647,4046,0.0013588823884718253,0.2561912158080939
M2_plus_similarity_control,first_focal_event,5,clean_m1_p1,peer_car_0_p1_ma,event_cluster,ai_active_peer_tminus5,-0.00246242207861908,0.0009056130823223669,-2.7190663724782005,0.006546647014310736,11589,2647,2647,4046,0.0013588823884718253,0.2561912158080939
M2_plus_similarity_control,first_focal_event,5,clean_m1_p1,peer_car_0_p1_ma,event_cluster,specz_ai_active,-0.001671734054686384,0.0007484085373018071,-2.2337185793114913,0.025501595736005633,11589,2647,2647,4046,0.0013588823884718253,0.2561912158080939
M2_plus_similarity_control,first_focal_event,5,clean_m1_p1,peer_car_0_p1_ma,event_cluster,product_similarity,-0.003776987069424901,0.0061047862014184185,-0.6186927674137607,0.5361187755552776,11589,2647,2647,4046,0.0013588823884718253,0.2561912158080939
M2_plus_similarity_control,first_focal_event,5,clean_m1_p1,peer_car_0_p1_ma,twoway_event_peer,ai_active_peer_tminus5,-0.00246242207861908,0.000888818997539518,-2.770442672170267,0.0055980153691364,11589,2647,2647,4046,0.0013588823884718253,0.2561912158080939
M2_plus_similarity_control,first_focal_event,5,clean_m1_p1,peer_car_0_p1_ma,twoway_event_peer,specz_ai_active,-0.001671734054686384,0.000740650733320328,-2.257115235938566,0.02400087509391602,11589,2647,2647,4046,0.0013588823884718253,0.2561912158080939
M2_plus_similarity_control,first_focal_event,5,clean_m1_p1,peer_car_0_p1_ma,twoway_event_peer,product_similarity,-0.003776987069424901,0.00616073826449519,-0.6130737757830046,0.5398275591520592,11589,2647,2647,4046,0.0013588823884718253,0.2561912158080939
M1_specz_x_ai_active,first_focal_event,5,clean_m1_p1,peer_car_m1_p1_ma,event_cluster,ai_active_peer_tminus5,-0.0022714464085983373,0.0012774460371559903,-1.7781153508881788,0.07538491173046302,11589,2647,2647,4046,0.0029473518854085745,0.2561912158080939
M1_specz_x_ai_active,first_focal_event,5,clean_m1_p1,peer_car_m1_p1_ma,event_cluster,specz_ai_active,-0.0026586536460464576,0.0011058348858312228,-2.4042048954243542,0.016207686201640037,11589,2647,2647,4046,0.0029473518854085745,0.2561912158080939
M1_specz_x_ai_active,first_focal_event,5,clean_m1_p1,peer_car_m1_p1_ma,twoway_event_peer,ai_active_peer_tminus5,-0.0022714464085983373,0.0012723807659125385,-1.7851939210738377,0.07422986765720774,11589,2647,2647,4046,0.0029473518854085745,0.2561912158080939
M1_specz_x_ai_active,first_focal_event,5,clean_m1_p1,peer_car_m1_p1_ma,twoway_event_peer,specz_ai_active,-0.0026586536460464576,0.00108384824893702,-2.452975911207055,0.014167982606560159,11589,2647,2647,4046,0.0029473518854085745,0.2561912158080939
M2_plus_similarity_control,first_focal_event,5,clean_m1_p1,peer_car_m1_p1_ma,event_cluster,ai_active_peer_tminus5,-0.0022718453063750566,0.001277547742662887,-1.7782860323009781,0.07535688920868866,11589,2647,2647,4046,0.0029473518854085745,0.2561912158080939
M2_plus_similarity_control,first_focal_event,5,clean_m1_p1,peer_car_m1_p1_ma,event_cluster,specz_ai_active,-0.002657944248923141,0.0011064898795307735,-2.402140587178519,0.016299442886365867,11589,2647,2647,4046,0.0029473518854085745,0.2561912158080939
M2_plus_similarity_control,first_focal_event,5,clean_m1_p1,peer_car_m1_p1_ma,event_cluster,product_similarity,0.0009128983582476558,0.007688049316839382,0.11874252110325374,0.9054793478719319,11589,2647,2647,4046,0.0029473518854085745,0.2561912158080939
M2_plus_similarity_control,first_focal_event,5,clean_m1_p1,peer_car_m1_p1_ma,twoway_event_peer,ai_active_peer_tminus5,-0.0022718453063750566,0.0012724050673083099,-1.7854733250795658,0.07418457434604031,11589,2647,2647,4046,0.0029473518854085745,0.2561912158080939
M2_plus_similarity_control,first_focal_event,5,clean_m1_p1,peer_car_m1_p1_ma,twoway_event_peer,specz_ai_active,-0.002657944248923141,0.0010847034679952385,-2.4503878961828933,0.014270239113270078,11589,2647,2647,4046,0.0029473518854085745,0.2561912158080939
M2_plus_similarity_control,first_focal_event,5,clean_m1_p1,peer_car_m1_p1_ma,twoway_event_peer,product_similarity,0.0009128983582476558,0.00796401076252209,0.1146279664190903,0.9087400118179954,11589,2647,2647,4046,0.0029473518854085745,0.2561912158080939
M1_specz_x_ai_active,first_focal_event,10,raw,peer_ar0_ma,event_cluster,ai_active_peer_tminus5,-0.0009298337504662724,0.0005303387042916928,-1.7532828415910833,0.07955346926400697,24809,2652,2652,5003,0.0019214979644483847,0.26091337820952076
M1_specz_x_ai_active,first_focal_event,10,raw,peer_ar0_ma,event_cluster,specz_ai_active,-0.000438958041832377,0.00044946339468866526,-0.9766269000313916,0.3287538966816581,24809,2652,2652,5003,0.0019214979644483847,0.26091337820952076
M1_specz_x_ai_active,first_focal_event,10,raw,peer_ar0_ma,twoway_event_peer,ai_active_peer_tminus5,-0.0009298337504662724,0.0005322068324343797,-1.7471285481494068,0.08061504237510442,24809,2652,2652,5003,0.0019214979644483847,0.26091337820952076
M1_specz_x_ai_active,first_focal_event,10,raw,peer_ar0_ma,twoway_event_peer,specz_ai_active,-0.000438958041832377,0.0004452836977035505,-0.9857940995733806,0.32423416178606623,24809,2652,2652,5003,0.0019214979644483847,0.26091337820952076
M2_plus_similarity_control,first_focal_event,10,raw,peer_ar0_ma,event_cluster,ai_active_peer_tminus5,-0.0009212281819387159,0.0005305969672196469,-1.7362107943548848,0.08252656933312719,24809,2652,2652,5003,0.0019214979644483847,0.26091337820952076
M2_plus_similarity_control,first_focal_event,10,raw,peer_ar0_ma,event_cluster,specz_ai_active,-0.00043431864628950244,0.0004488400700509005,-0.9676467750311346,0.3332208082670516,24809,2652,2652,5003,0.0019214979644483847,0.26091337820952076
M2_plus_similarity_control,first_focal_event,10,raw,peer_ar0_ma,event_cluster,product_similarity,0.008252267891651968,0.004423698338476889,1.8654680451138725,0.06211582725103715,24809,2652,2652,5003,0.0019214979644483847,0.26091337820952076
M2_plus_similarity_control,first_focal_event,10,raw,peer_ar0_ma,twoway_event_peer,ai_active_peer_tminus5,-0.0009212281819387159,0.0005323605184194587,-1.730459247191693,0.08354825630338225,24809,2652,2652,5003,0.0019214979644483847,0.26091337820952076
M2_plus_similarity_control,first_focal_event,10,raw,peer_ar0_ma,twoway_event_peer,specz_ai_active,-0.00043431864628950244,0.0004444544855227373,-0.9771948769482801,0.3284726837958243,24809,2652,2652,5003,0.0019214979644483847,0.26091337820952076
M2_plus_similarity_control,first_focal_event,10,raw,peer_ar0_ma,twoway_event_peer,product_similarity,0.008252267891651968,0.004420012638360289,1.8670235962749073,0.06189829276982706,24809,2652,2652,5003,0.0019214979644483847,0.26091337820952076
M1_specz_x_ai_active,first_focal_event,10,raw,peer_car_0_p1_ma,event_cluster,ai_active_peer_tminus5,-0.000713314240968065,0.0007296985494769766,-0.977546469674833,0.3282986837766366,24801,2652,2652,5003,0.0029934802628926237,0.2609975404217572
M1_specz_x_ai_active,first_focal_event,10,raw,peer_car_0_p1_ma,event_cluster,specz_ai_active,-0.0014813794256600095,0.000636945978461818,-2.3257536364974656,0.020031697309336183,24801,2652,2652,5003,0.0029934802628926237,0.2609975404217572
M1_specz_x_ai_active,first_focal_event,10,raw,peer_car_0_p1_ma,twoway_event_peer,ai_active_peer_tminus5,-0.000713314240968065,0.0007734554189950606,-0.9222435106794699,0.35640157209562195,24801,2652,2652,5003,0.0029934802628926237,0.2609975404217572
M1_specz_x_ai_active,first_focal_event,10,raw,peer_car_0_p1_ma,twoway_event_peer,specz_ai_active,-0.0014813794256600095,0.0006459539728603143,-2.293320403465269,0.02182956540237546,24801,2652,2652,5003,0.0029934802628926237,0.2609975404217572
M2_plus_similarity_control,first_focal_event,10,raw,peer_car_0_p1_ma,event_cluster,ai_active_peer_tminus5,-0.0007034480655063666,0.0007300551494906064,-0.9635546930902346,0.3352692309702301,24801,2652,2652,5003,0.0029934802628926237,0.2609975404217572
M2_plus_similarity_control,first_focal_event,10,raw,peer_car_0_p1_ma,event_cluster,specz_ai_active,-0.0014761528471004363,0.0006364267060138398,-2.3194388814166698,0.020371251484613717,24801,2652,2652,5003,0.0029934802628926237,0.2609975404217572
M2_plus_similarity_control,first_focal_event,10,raw,peer_car_0_p1_ma,event_cluster,product_similarity,0.00939314001056143,0.005588957357264349,1.6806605257691805,0.0928288721242676,24801,2652,2652,5003,0.0029934802628926237,0.2609975404217572
M2_plus_similarity_control,first_focal_event,10,raw,peer_car_0_p1_ma,twoway_event_peer,ai_active_peer_tminus5,-0.0007034480655063666,0.0007737362770088133,-0.9091574046725922,0.36326704475978877,24801,2652,2652,5003,0.0029934802628926237,0.2609975404217572
M2_plus_similarity_control,first_focal_event,10,raw,peer_car_0_p1_ma,twoway_event_peer,specz_ai_active,-0.0014761528471004363,0.0006453082418949311,-2.2875158742212114,0.022165729954551017,24801,2652,2652,5003,0.0029934802628926237,0.2609975404217572
M2_plus_similarity_control,first_focal_event,10,raw,peer_car_0_p1_ma,twoway_event_peer,product_similarity,0.00939314001056143,0.005648039347476153,1.6630797755966038,0.09629646767336841,24801,2652,2652,5003,0.0029934802628926237,0.2609975404217572
M1_specz_x_ai_active,first_focal_event,10,raw,peer_car_m1_p1_ma,event_cluster,ai_active_peer_tminus5,-8.426529912194348e-05,0.0009739343908331257,-0.08652050889163182,0.9310526534638592,24790,2652,2652,5002,0.005285512585720045,0.26107301331181926
M1_specz_x_ai_active,first_focal_event,10,raw,peer_car_m1_p1_ma,event_cluster,specz_ai_active,-0.0032570567117844447,0.0010391875536283391,-3.134233758297414,0.0017230353485957473,24790,2652,2652,5002,0.005285512585720045,0.26107301331181926
M1_specz_x_ai_active,first_focal_event,10,raw,peer_car_m1_p1_ma,twoway_event_peer,ai_active_peer_tminus5,-8.426529912194348e-05,0.0010201575279398627,-0.08260028163700502,0.9341693773280495,24790,2652,2652,5002,0.005285512585720045,0.26107301331181926
M1_specz_x_ai_active,first_focal_event,10,raw,peer_car_m1_p1_ma,twoway_event_peer,specz_ai_active,-0.0032570567117844447,0.001056132961276752,-3.0839457068426412,0.002042748708424913,24790,2652,2652,5002,0.005285512585720045,0.26107301331181926
M2_plus_similarity_control,first_focal_event,10,raw,peer_car_m1_p1_ma,event_cluster,ai_active_peer_tminus5,-7.421197859698268e-05,0.0009741442677041053,-0.07618171256285053,0.93927453166463,24790,2652,2652,5002,0.005285512585720045,0.26107301331181926
M2_plus_similarity_control,first_focal_event,10,raw,peer_car_m1_p1_ma,event_cluster,specz_ai_active,-0.0032516193602801775,0.0010392443512034057,-3.1288304396506224,0.001755035522103876,24790,2652,2652,5002,0.005285512585720045,0.26107301331181926
M2_plus_similarity_control,first_focal_event,10,raw,peer_car_m1_p1_ma,event_cluster,product_similarity,0.009711336421577763,0.0065757073406227575,1.4768504616353628,0.13971572650067854,24790,2652,2652,5002,0.005285512585720045,0.26107301331181926
M2_plus_similarity_control,first_focal_event,10,raw,peer_car_m1_p1_ma,twoway_event_peer,ai_active_peer_tminus5,-7.421197859698268e-05,0.00102036952184943,-0.07273049322609394,0.9420205827143122,24790,2652,2652,5002,0.005285512585720045,0.26107301331181926
M2_plus_similarity_control,first_focal_event,10,raw,peer_car_m1_p1_ma,twoway_event_peer,specz_ai_active,-0.0032516193602801775,0.0010561720482921155,-3.07868340725189,0.002079175048576909,24790,2652,2652,5002,0.005285512585720045,0.26107301331181926
M2_plus_similarity_control,first_focal_event,10,raw,peer_car_m1_p1_ma,twoway_event_peer,product_similarity,0.009711336421577763,0.006689223030107588,1.4517884032073556,0.14656044941310187,24790,2652,2652,5002,0.005285512585720045,0.26107301331181926
M1_specz_x_ai_active,first_focal_event,10,clean_m1_p1,peer_ar0_ma,event_cluster,ai_active_peer_tminus5,-0.0012137010229678513,0.000448737656777656,-2.704700629947857,0.0068365971275132775,23176,2652,2652,4854,0.0006983809544356227,0.2595788746979634
M1_specz_x_ai_active,first_focal_event,10,clean_m1_p1,peer_ar0_ma,event_cluster,specz_ai_active,-0.00016363776227066684,0.00040150189112707384,-0.40756411336273407,0.6835937154631697,23176,2652,2652,4854,0.0006983809544356227,0.2595788746979634
M1_specz_x_ai_active,first_focal_event,10,clean_m1_p1,peer_ar0_ma,twoway_event_peer,ai_active_peer_tminus5,-0.0012137010229678513,0.00044897951364088505,-2.703243658325637,0.00686663899094353,23176,2652,2652,4854,0.0006983809544356227,0.2595788746979634
M1_specz_x_ai_active,first_focal_event,10,clean_m1_p1,peer_ar0_ma,twoway_event_peer,specz_ai_active,-0.00016363776227066684,0.0003918783196925149,-0.417572889459831,0.6762594217464024,23176,2652,2652,4854,0.0006983809544356227,0.2595788746979634
M2_plus_similarity_control,first_focal_event,10,clean_m1_p1,peer_ar0_ma,event_cluster,ai_active_peer_tminus5,-0.0012094386050430922,0.00044878799093911345,-2.6948996618921903,0.007040983021726621,23176,2652,2652,4854,0.0006983809544356227,0.2595788746979634
M2_plus_similarity_control,first_focal_event,10,clean_m1_p1,peer_ar0_ma,event_cluster,specz_ai_active,-0.00015742387684299346,0.00040097807297099835,-0.3925997141853178,0.6946151506881044,23176,2652,2652,4854,0.0006983809544356227,0.2595788746979634
M2_plus_similarity_control,first_focal_event,10,clean_m1_p1,peer_ar0_ma,event_cluster,product_similarity,0.006036738415628998,0.0031437249425038637,1.9202501891978352,0.05482630481816386,23176,2652,2652,4854,0.0006983809544356227,0.2595788746979634
M2_plus_similarity_control,first_focal_event,10,clean_m1_p1,peer_ar0_ma,twoway_event_peer,ai_active_peer_tminus5,-0.0012094386050430922,0.0004489562129251428,-2.6938898944355385,0.00706234905958425,23176,2652,2652,4854,0.0006983809544356227,0.2595788746979634
M2_plus_similarity_control,first_focal_event,10,clean_m1_p1,peer_ar0_ma,twoway_event_peer,specz_ai_active,-0.00015742387684299346,0.00039125038627153813,-0.4023609493224554,0.6874184049659631,23176,2652,2652,4854,0.0006983809544356227,0.2595788746979634
M2_plus_similarity_control,first_focal_event,10,clean_m1_p1,peer_ar0_ma,twoway_event_peer,product_similarity,0.006036738415628998,0.0032006818863257107,1.8860788513284579,0.059284329756986054,23176,2652,2652,4854,0.0006983809544356227,0.2595788746979634
M1_specz_x_ai_active,first_focal_event,10,clean_m1_p1,peer_car_0_p1_ma,event_cluster,ai_active_peer_tminus5,-0.00139494579911043,0.0006328099103851344,-2.2043678144380707,0.02749848728003368,23176,2652,2652,4854,0.0009839598722816692,0.2595788746979634
M1_specz_x_ai_active,first_focal_event,10,clean_m1_p1,peer_car_0_p1_ma,event_cluster,specz_ai_active,-0.0008408030011414641,0.0005737128459933092,-1.4655467574300571,0.14277180528143973,23176,2652,2652,4854,0.0009839598722816692,0.2595788746979634
M1_specz_x_ai_active,first_focal_event,10,clean_m1_p1,peer_car_0_p1_ma,twoway_event_peer,ai_active_peer_tminus5,-0.00139494579911043,0.0006436106240803854,-2.1673753460853447,0.030206245561718692,23176,2652,2652,4854,0.0009839598722816692,0.2595788746979634
M1_specz_x_ai_active,first_focal_event,10,clean_m1_p1,peer_car_0_p1_ma,twoway_event_peer,specz_ai_active,-0.0008408030011414641,0.0005719554347686872,-1.4700498500927883,0.1415482532721768,23176,2652,2652,4854,0.0009839598722816692,0.2595788746979634
M2_plus_similarity_control,first_focal_event,10,clean_m1_p1,peer_car_0_p1_ma,event_cluster,ai_active_peer_tminus5,-0.001390051986924597,0.0006329271590362588,-2.196227428510402,0.02807566908937309,23176,2652,2652,4854,0.0009839598722816692,0.2595788746979634
M2_plus_similarity_control,first_focal_event,10,clean_m1_p1,peer_car_0_p1_ma,event_cluster,specz_ai_active,-0.0008336686495213005,0.000573233686836353,-1.4543259907181565,0.14585594792297485,23176,2652,2652,4854,0.0009839598722816692,0.2595788746979634
M2_plus_similarity_control,first_focal_event,10,clean_m1_p1,peer_car_0_p1_ma,event_cluster,product_similarity,0.00693096372589112,0.004170034954388731,1.6620876807271519,0.0964951952907751,23176,2652,2652,4854,0.0009839598722816692,0.2595788746979634
M2_plus_similarity_control,first_focal_event,10,clean_m1_p1,peer_car_0_p1_ma,twoway_event_peer,ai_active_peer_tminus5,-0.001390051986924597,0.0006435914142276365,-2.159836126143441,0.0307853578968742,23176,2652,2652,4854,0.0009839598722816692,0.2595788746979634
M2_plus_similarity_control,first_focal_event,10,clean_m1_p1,peer_car_0_p1_ma,twoway_event_peer,specz_ai_active,-0.0008336686495213005,0.0005714233283363821,-1.4589335229774543,0.14458340534705227,23176,2652,2652,4854,0.0009839598722816692,0.2595788746979634
M2_plus_similarity_control,first_focal_event,10,clean_m1_p1,peer_car_0_p1_ma,twoway_event_peer,product_similarity,0.00693096372589112,0.004187284224242571,1.6552408087714292,0.09787566033187245,23176,2652,2652,4854,0.0009839598722816692,0.2595788746979634
M1_specz_x_ai_active,first_focal_event,10,clean_m1_p1,peer_car_m1_p1_ma,event_cluster,ai_active_peer_tminus5,-0.0016122322904658926,0.0008764451043842283,-1.8395131450915145,0.06583974627409184,23176,2652,2652,4854,0.002433390101829476,0.2595788746979634
M1_specz_x_ai_active,first_focal_event,10,clean_m1_p1,peer_car_m1_p1_ma,event_cluster,specz_ai_active,-0.0021125351548496557,0.0010366796579834325,-2.037789724705312,0.0415709664162518,23176,2652,2652,4854,0.002433390101829476,0.2595788746979634
M1_specz_x_ai_active,first_focal_event,10,clean_m1_p1,peer_car_m1_p1_ma,twoway_event_peer,ai_active_peer_tminus5,-0.0016122322904658926,0.0008831978737768699,-1.825448564058936,0.06793336641908643,23176,2652,2652,4854,0.002433390101829476,0.2595788746979634
M1_specz_x_ai_active,first_focal_event,10,clean_m1_p1,peer_car_m1_p1_ma,twoway_event_peer,specz_ai_active,-0.0021125351548496557,0.001032806003763943,-2.0454326825664877,0.040812219584359655,23176,2652,2652,4854,0.002433390101829476,0.2595788746979634
M2_plus_similarity_control,first_focal_event,10,clean_m1_p1,peer_car_m1_p1_ma,event_cluster,ai_active_peer_tminus5,-0.0016037136212882894,0.0008765518045003304,-1.8295708400286395,0.06731413741763181,23176,2652,2652,4854,0.002433390101829476,0.2595788746979634
M2_plus_similarity_control,first_focal_event,10,clean_m1_p1,peer_car_m1_p1_ma,event_cluster,specz_ai_active,-0.0021001163739604307,0.0010370284761910958,-2.0251289353923556,0.042854126419420435,23176,2652,2652,4854,0.002433390101829476,0.2595788746979634
M2_plus_similarity_control,first_focal_event,10,clean_m1_p1,peer_car_m1_p1_ma,event_cluster,product_similarity,0.012064743153354455,0.005775820639754386,2.0888361855134585,0.03672247185431177,23176,2652,2652,4854,0.002433390101829476,0.2595788746979634
M2_plus_similarity_control,first_focal_event,10,clean_m1_p1,peer_car_m1_p1_ma,twoway_event_peer,ai_active_peer_tminus5,-0.0016037136212882894,0.0008832497303682506,-1.8156967006597986,0.06941691046089704,23176,2652,2652,4854,0.002433390101829476,0.2595788746979634
M2_plus_similarity_control,first_focal_event,10,clean_m1_p1,peer_car_m1_p1_ma,twoway_event_peer,specz_ai_active,-0.0021001163739604307,0.001033335166273845,-2.03236707943788,0.042116508242395545,23176,2652,2652,4854,0.002433390101829476,0.2595788746979634
M2_plus_similarity_control,first_focal_event,10,clean_m1_p1,peer_car_m1_p1_ma,twoway_event_peer,product_similarity,0.012064743153354455,0.005849924011271944,2.0623760462712797,0.03917194802807833,23176,2652,2652,4854,0.002433390101829476,0.2595788746979634
