model,outcome,term,coef,se,z,p,nobs,events,peer_firms,mean_y,ai_def,control_spec,fe_spec
pretrend_adjusted_main,peer_car_0_p1_mm,spec_ai,-0.002297911001923226,0.0008664401510745533,-2.652128942862784,0.007998598959185976,8683,2416,3573,-0.00033194966510457754,current_text_history,no_pretrend_control,event_fe
pretrend_adjusted_main,peer_car_0_p1_mm,spec_ai,-0.0022976829710075843,0.0009881309369886631,-2.325281888258444,0.02005689211145323,8683,2416,3573,-0.00033194966510457754,current_text_history,no_pretrend_control,event_fe_peer_industry_week_fe
pretrend_adjusted_main,peer_car_0_p1_mm,spec_ai,-0.0018866866857218366,0.0011515547209866319,-1.6383821379372718,0.10134200289037176,8683,2416,3573,-0.00033194966510457754,current_text_history,no_pretrend_control,event_peer_firm_fe
pretrend_adjusted_main,peer_car_0_p1_mm,spec_ai,-0.002156930023468288,0.0008438950879027775,-2.555922003087641,0.010590685490977192,8670,2415,3570,-0.0003114027664473641,current_text_history,control_pre10,event_fe
pretrend_adjusted_main,peer_car_0_p1_mm,spec_ai,-0.002033535775974459,0.0009590460796805794,-2.1203733783592025,0.033974569931330745,8670,2415,3570,-0.0003114027664473641,current_text_history,control_pre10,event_fe_peer_industry_week_fe
pretrend_adjusted_main,peer_car_0_p1_mm,spec_ai,-0.0020722389363776986,0.0011459244024959485,-1.8083557099090795,0.07055115645010268,8670,2415,3570,-0.0003114027664473641,current_text_history,control_pre10,event_peer_firm_fe
pretrend_adjusted_main,peer_car_0_p1_mm,spec_ai,-0.0021492252255508756,0.0008462590067044696,-2.5396778155667272,0.011095462752021445,8649,2415,3566,-0.00027446453498791744,current_text_history,control_pre20,event_fe
pretrend_adjusted_main,peer_car_0_p1_mm,spec_ai,-0.0020258017272090675,0.0009645793838778381,-2.1001918152810437,0.03571197107204682,8649,2415,3566,-0.00027446453498791744,current_text_history,control_pre20,event_fe_peer_industry_week_fe
pretrend_adjusted_main,peer_car_0_p1_mm,spec_ai,-0.0022139008838150762,0.0011604243762294649,-1.9078372784693163,0.05641225095100877,8649,2415,3566,-0.00027446453498791744,current_text_history,control_pre20,event_peer_firm_fe
pretrend_adjusted_main,peer_car_0_p1_mm,spec_ai,-0.0021603876676160125,0.0008440428513878968,-2.559571073984682,0.010480142344574173,8649,2415,3566,-0.00027446453498791744,current_text_history,control_pre10_pre20,event_fe
pretrend_adjusted_main,peer_car_0_p1_mm,spec_ai,-0.0020253628096347925,0.0009642973642187047,-2.1003508718244674,0.03569798728555584,8649,2415,3566,-0.00027446453498791744,current_text_history,control_pre10_pre20,event_fe_peer_industry_week_fe
pretrend_adjusted_main,peer_car_0_p1_mm,spec_ai,-0.0022031309205732923,0.0011602787044531814,-1.8987945845404346,0.05759148951592041,8649,2415,3566,-0.00027446453498791744,current_text_history,control_pre10_pre20,event_peer_firm_fe
pretrend_adjusted_main,peer_car_0_p1_mm,spec_ai,-0.001897429238091713,0.0008650914621199686,-2.1933278978871513,0.028283763034680165,8683,2416,3573,-0.00033194966510457754,ext_any,no_pretrend_control,event_fe
pretrend_adjusted_main,peer_car_0_p1_mm,spec_ai,-0.0018000279786837463,0.0009507844583310918,-1.893202989290894,0.05833088003854492,8683,2416,3573,-0.00033194966510457754,ext_any,no_pretrend_control,event_fe_peer_industry_week_fe
pretrend_adjusted_main,peer_car_0_p1_mm,spec_ai,-0.0015810707521501021,0.0012159470135629706,-1.3002793168735578,0.1935052542724145,8683,2416,3573,-0.00033194966510457754,ext_any,no_pretrend_control,event_peer_firm_fe
pretrend_adjusted_main,peer_car_0_p1_mm,spec_ai,-0.002117668854411801,0.0008603342683013982,-2.4614489186776467,0.013837710100691458,8670,2415,3570,-0.0003114027664473641,ext_any,control_pre10,event_fe
pretrend_adjusted_main,peer_car_0_p1_mm,spec_ai,-0.002093256428672494,0.0009394889480404826,-2.2280798864515177,0.025875188290650497,8670,2415,3570,-0.0003114027664473641,ext_any,control_pre10,event_fe_peer_industry_week_fe
pretrend_adjusted_main,peer_car_0_p1_mm,spec_ai,-0.0017557446139567705,0.0012195045011163764,-1.4397196667576884,0.14994672693948763,8670,2415,3570,-0.0003114027664473641,ext_any,control_pre10,event_peer_firm_fe
pretrend_adjusted_main,peer_car_0_p1_mm,spec_ai,-0.0021815639032086,0.0008657251424384028,-2.519926702214058,0.011737927419336769,8649,2415,3566,-0.00027446453498791744,ext_any,control_pre20,event_fe
pretrend_adjusted_main,peer_car_0_p1_mm,spec_ai,-0.0021111088102127875,0.000938250517299538,-2.250048117520848,0.02444589100871175,8649,2415,3566,-0.00027446453498791744,ext_any,control_pre20,event_fe_peer_industry_week_fe
pretrend_adjusted_main,peer_car_0_p1_mm,spec_ai,-0.0019246548107807486,0.001227066605527132,-1.5685006845687415,0.11676433032500322,8649,2415,3566,-0.00027446453498791744,ext_any,control_pre20,event_peer_firm_fe
pretrend_adjusted_main,peer_car_0_p1_mm,spec_ai,-0.00217611829695894,0.0008658505561283766,-2.5132723904334995,0.011961693709674481,8649,2415,3566,-0.00027446453498791744,ext_any,control_pre10_pre20,event_fe
pretrend_adjusted_main,peer_car_0_p1_mm,spec_ai,-0.002108976225304655,0.0009376317182079855,-2.2492586207891505,0.02449604681600248,8649,2415,3566,-0.00027446453498791744,ext_any,control_pre10_pre20,event_fe_peer_industry_week_fe
pretrend_adjusted_main,peer_car_0_p1_mm,spec_ai,-0.0018785992809797459,0.001223423171686047,-1.5355269741955069,0.12465443646501195,8649,2415,3566,-0.00027446453498791744,ext_any,control_pre10_pre20,event_peer_firm_fe
pretrend_adjusted_main,peer_car_0_p1_mm,spec_ai,-0.0023815382464718584,0.0008298969852439722,-2.869679356374257,0.00410888229363171,8683,2416,3573,-0.00033194966510457754,ext_plus_history,no_pretrend_control,event_fe
pretrend_adjusted_main,peer_car_0_p1_mm,spec_ai,-0.0024052143727432123,0.0009050991515726696,-2.6574042949482313,0.007874494520097253,8683,2416,3573,-0.00033194966510457754,ext_plus_history,no_pretrend_control,event_fe_peer_industry_week_fe
pretrend_adjusted_main,peer_car_0_p1_mm,spec_ai,-0.0019371180540552115,0.0010786429515907473,-1.7958844038227972,0.07251290335818927,8683,2416,3573,-0.00033194966510457754,ext_plus_history,no_pretrend_control,event_peer_firm_fe
pretrend_adjusted_main,peer_car_0_p1_mm,spec_ai,-0.0022476137022500987,0.0008157587773449244,-2.755243050605569,0.005864855033559824,8670,2415,3570,-0.0003114027664473641,ext_plus_history,control_pre10,event_fe
pretrend_adjusted_main,peer_car_0_p1_mm,spec_ai,-0.002171412296091306,0.0008871169258959018,-2.4477182575435488,0.014376402367760832,8670,2415,3570,-0.0003114027664473641,ext_plus_history,control_pre10,event_fe_peer_industry_week_fe
pretrend_adjusted_main,peer_car_0_p1_mm,spec_ai,-0.0021201152763674013,0.0010703656271001264,-1.9807393125200545,0.04762051566379322,8670,2415,3570,-0.0003114027664473641,ext_plus_history,control_pre10,event_peer_firm_fe
pretrend_adjusted_main,peer_car_0_p1_mm,spec_ai,-0.0022942224066496097,0.0008166561961853113,-2.809287944383657,0.0049651216532307085,8649,2415,3566,-0.00027446453498791744,ext_plus_history,control_pre20,event_fe
pretrend_adjusted_main,peer_car_0_p1_mm,spec_ai,-0.002267872646012777,0.000889719553274,-2.5489747164344467,0.010804013275271362,8649,2415,3566,-0.00027446453498791744,ext_plus_history,control_pre20,event_fe_peer_industry_week_fe
pretrend_adjusted_main,peer_car_0_p1_mm,spec_ai,-0.002261934094212996,0.0010840587226605251,-2.0865420358979248,0.03692955160504385,8649,2415,3566,-0.00027446453498791744,ext_plus_history,control_pre20,event_peer_firm_fe
pretrend_adjusted_main,peer_car_0_p1_mm,spec_ai,-0.002294342444659912,0.0008157420443194831,-2.812583292275835,0.0049145293594419215,8649,2415,3566,-0.00027446453498791744,ext_plus_history,control_pre10_pre20,event_fe
pretrend_adjusted_main,peer_car_0_p1_mm,spec_ai,-0.002264635034008224,0.0008899807696254794,-2.5445887274184864,0.010940651248871891,8649,2415,3566,-0.00027446453498791744,ext_plus_history,control_pre10_pre20,event_fe_peer_industry_week_fe
pretrend_adjusted_main,peer_car_0_p1_mm,spec_ai,-0.002245150657567171,0.0010831388519439654,-2.0728188759342188,0.03818913906276111,8649,2415,3566,-0.00027446453498791744,ext_plus_history,control_pre10_pre20,event_peer_firm_fe
