outcome,term,coef,se,z,p,nobs,events,peer_firms,mean_y,mean_ai_active,peer_cleaning_ann_rate,focal_cleaning_ann_rate,draw,fe_spec
peer_car_0_p1_mm,specz_ai_active,-0.0006603374335478674,0.0008131280291280592,-0.8120952788406106,0.4167369620067909,7692,2365,3665,-0.0009866622295804136,0.27236089443577743,0.0,0.0,1,event_fe
peer_car_0_p1_mm,specz_ai_active,-0.0006603374335478674,0.0008131280291280593,-0.8120952788406105,0.4167369620067909,7692,2365,3665,-0.0009866622295804136,0.27236089443577743,0.0,0.0,1,event_fe_peer_industry_week_fe
peer_car_m1_p1_mm,specz_ai_active,-0.000835240693593786,0.0011154905376902639,-0.7487653775380618,0.4539986310128956,7692,2365,3665,-0.0010234163482172286,0.27236089443577743,0.0,0.0,1,event_fe
peer_car_m1_p1_mm,specz_ai_active,-0.0008352406935937856,0.0011154905376902639,-0.7487653775380615,0.45399863101289584,7692,2365,3665,-0.0010234163482172286,0.27236089443577743,0.0,0.0,1,event_fe_peer_industry_week_fe
peer_car_0_p1_mm,specz_ai_active,0.000853242439062176,0.0008427979981768356,1.0123925791327626,0.31135038511152313,7727,2368,3700,-0.0009702664568277481,0.26776239161382165,0.0,0.0,2,event_fe
peer_car_0_p1_mm,specz_ai_active,0.000853242439062176,0.0008427979981768356,1.0123925791327626,0.31135038511152313,7727,2368,3700,-0.0009702664568277481,0.26776239161382165,0.0,0.0,2,event_fe_peer_industry_week_fe
peer_car_m1_p1_mm,specz_ai_active,-2.8260407272809367e-05,0.001041846423324947,-0.02712531006500857,0.9783597876727359,7727,2368,3700,-0.0008660474222475437,0.26776239161382165,0.0,0.0,2,event_fe
peer_car_m1_p1_mm,specz_ai_active,-2.8260407272809475e-05,0.001041846423324947,-0.027125310065008675,0.9783597876727359,7727,2368,3700,-0.0008660474222475437,0.26776239161382165,0.0,0.0,2,event_fe_peer_industry_week_fe
peer_car_0_p1_mm,specz_ai_active,0.0005294630617579354,0.0008257713000559284,0.6411739687757078,0.5214096603138305,7798,2371,3640,-0.0009121677555489826,0.27840471915875864,0.0,0.0,3,event_fe
peer_car_0_p1_mm,specz_ai_active,0.0005294630617579354,0.0008257713000559284,0.6411739687757078,0.5214096603138305,7798,2371,3640,-0.0009121677555489826,0.27840471915875864,0.0,0.0,3,event_fe_peer_industry_week_fe
peer_car_m1_p1_mm,specz_ai_active,0.00028590103013242425,0.0009735016649268509,0.29368314450074096,0.7690000353736952,7798,2371,3640,-0.0007618767220207772,0.27840471915875864,0.0,0.0,3,event_fe
peer_car_m1_p1_mm,specz_ai_active,0.00028590103013242436,0.0009735016649268509,0.29368314450074107,0.769000035373695,7798,2371,3640,-0.0007618767220207772,0.27840471915875864,0.0,0.0,3,event_fe_peer_industry_week_fe
peer_car_0_p1_mm,specz_ai_active,0.00170094072008935,0.00089879978231115,1.8924578683314721,0.05843000207255855,7712,2373,3671,-0.0008469741687344102,0.27852697095435686,0.0,0.0,4,event_fe
peer_car_0_p1_mm,specz_ai_active,0.00170094072008935,0.00089879978231115,1.8924578683314721,0.05843000207255855,7712,2373,3671,-0.0008469741687344102,0.27852697095435686,0.0,0.0,4,event_fe_peer_industry_week_fe
peer_car_m1_p1_mm,specz_ai_active,0.000579462397313018,0.0010661370132789086,0.5435158803190587,0.5867746600305175,7712,2373,3671,-0.0013944147855357713,0.27852697095435686,0.0,0.0,4,event_fe
peer_car_m1_p1_mm,specz_ai_active,0.0005794623973130182,0.0010661370132789086,0.543515880319059,0.5867746600305173,7712,2373,3671,-0.0013944147855357713,0.27852697095435686,0.0,0.0,4,event_fe_peer_industry_week_fe
peer_car_0_p1_mm,specz_ai_active,6.84777709110264e-05,0.0008581358437886335,0.07979828765653225,0.9363976862349648,7714,2373,3637,-0.0011088314649313875,0.2669172932330827,0.0,0.0,5,event_fe
peer_car_0_p1_mm,specz_ai_active,6.847777091102629e-05,0.0008581358437886335,0.07979828765653212,0.936397686234965,7714,2373,3637,-0.0011088314649313875,0.2669172932330827,0.0,0.0,5,event_fe_peer_industry_week_fe
peer_car_m1_p1_mm,specz_ai_active,0.0009902726417061643,0.0009769130424952285,1.0136753207601903,0.31073770392093936,7714,2373,3637,-0.001028174114908699,0.2669172932330827,0.0,0.0,5,event_fe
peer_car_m1_p1_mm,specz_ai_active,0.0009902726417061647,0.0009769130424952285,1.0136753207601907,0.31073770392093913,7714,2373,3637,-0.001028174114908699,0.2669172932330827,0.0,0.0,5,event_fe_peer_industry_week_fe
peer_car_0_p1_mm,specz_ai_active,0.0005058905666847184,0.0008586019647697259,0.5892026660111319,0.5557253289591992,7732,2372,3680,-0.0010314892919306635,0.27405587170201756,0.0,0.0,6,event_fe
peer_car_0_p1_mm,specz_ai_active,0.0005058905666847186,0.000858601964769726,0.589202666011132,0.5557253289591992,7732,2372,3680,-0.0010314892919306635,0.27405587170201756,0.0,0.0,6,event_fe_peer_industry_week_fe
peer_car_m1_p1_mm,specz_ai_active,0.0008252360482980837,0.001006344319932548,0.8200334934601673,0.4121970137259896,7732,2372,3680,-0.001222025601774228,0.27405587170201756,0.0,0.0,6,event_fe
peer_car_m1_p1_mm,specz_ai_active,0.0008252360482980839,0.001006344319932548,0.8200334934601675,0.4121970137259896,7732,2372,3680,-0.001222025601774228,0.27405587170201756,0.0,0.0,6,event_fe_peer_industry_week_fe
peer_car_0_p1_mm,specz_ai_active,-6.615268383096656e-05,0.000808523651551991,-0.08181910783189093,0.9347905611650784,7762,2371,3664,-0.0008284961099890634,0.27750579747487764,0.0,0.0,7,event_fe
peer_car_0_p1_mm,specz_ai_active,-6.61526838309665e-05,0.000808523651551991,-0.08181910783189086,0.9347905611650784,7762,2371,3664,-0.0008284961099890634,0.27750579747487764,0.0,0.0,7,event_fe_peer_industry_week_fe
peer_car_m1_p1_mm,specz_ai_active,-0.0015367957224458491,0.0010598519710634405,-1.4500097791051423,0.14705579222629206,7762,2371,3664,-0.0009527949560845477,0.27750579747487764,0.0,0.0,7,event_fe
peer_car_m1_p1_mm,specz_ai_active,-0.0015367957224458493,0.0010598519710634405,-1.4500097791051425,0.14705579222629206,7762,2371,3664,-0.0009527949560845477,0.27750579747487764,0.0,0.0,7,event_fe_peer_industry_week_fe
peer_car_0_p1_mm,specz_ai_active,-0.0004855627507117647,0.0008102299162295515,-0.5992900792547343,0.5489794623561668,7753,2375,3658,-0.000469612308523101,0.28208435444344127,0.0,0.0,8,event_fe
peer_car_0_p1_mm,specz_ai_active,-0.0004855627507117647,0.0008102299162295515,-0.5992900792547343,0.5489794623561668,7753,2375,3658,-0.000469612308523101,0.28208435444344127,0.0,0.0,8,event_fe_peer_industry_week_fe
peer_car_m1_p1_mm,specz_ai_active,-0.0006430759998864045,0.0009530829833841279,-0.6747324326398354,0.4998457750337022,7753,2375,3658,8.51694603765e-06,0.28208435444344127,0.0,0.0,8,event_fe
peer_car_m1_p1_mm,specz_ai_active,-0.0006430759998864046,0.0009530829833841279,-0.6747324326398355,0.4998457750337022,7753,2375,3658,8.51694603765e-06,0.28208435444344127,0.0,0.0,8,event_fe_peer_industry_week_fe
peer_car_0_p1_mm,specz_ai_active,-0.00043363043797272987,0.0009190089683640592,-0.47184570869274706,0.6370369223328942,7753,2369,3685,-0.0009891315648657452,0.2708628917838256,0.0,0.0,9,event_fe
peer_car_0_p1_mm,specz_ai_active,-0.00043363043797272976,0.0009190089683640593,-0.4718457086927469,0.6370369223328942,7753,2369,3685,-0.0009891315648657452,0.2708628917838256,0.0,0.0,9,event_fe_peer_industry_week_fe
peer_car_m1_p1_mm,specz_ai_active,-0.00017046764618574786,0.0010424209275223457,-0.16353052944832946,0.8701007376541081,7753,2369,3685,-0.000530164714758117,0.2708628917838256,0.0,0.0,9,event_fe
peer_car_m1_p1_mm,specz_ai_active,-0.00017046764618574797,0.0010424209275223457,-0.16353052944832958,0.8701007376541081,7753,2369,3685,-0.000530164714758117,0.2708628917838256,0.0,0.0,9,event_fe_peer_industry_week_fe
peer_car_0_p1_mm,specz_ai_active,-0.0009285689724560249,0.000966371372410296,-0.9608821194071743,0.3366114422048416,7653,2371,3698,-0.0008818434266742945,0.27257284724944464,0.0,0.0,10,event_fe
peer_car_0_p1_mm,specz_ai_active,-0.0009285689724560248,0.000966371372410296,-0.9608821194071742,0.3366114422048416,7653,2371,3698,-0.0008818434266742945,0.27257284724944464,0.0,0.0,10,event_fe_peer_industry_week_fe
peer_car_m1_p1_mm,specz_ai_active,-0.0004397724802445186,0.0011554744056663198,-0.38059906657206993,0.7035007740259855,7653,2371,3698,-0.0011865493065505881,0.27257284724944464,0.0,0.0,10,event_fe
peer_car_m1_p1_mm,specz_ai_active,-0.0004397724802445187,0.00115547440566632,-0.38059906657206993,0.7035007740259855,7653,2371,3698,-0.0011865493065505881,0.27257284724944464,0.0,0.0,10,event_fe_peer_industry_week_fe
peer_car_0_p1_mm,specz_ai_active,-0.0003199109375185521,0.0008271043954759331,-0.38678423094882564,0.698915952269846,7701,2380,3640,-0.0006312394407459453,0.2707440592130892,0.0,0.0,11,event_fe
peer_car_0_p1_mm,specz_ai_active,-0.0003199109375185521,0.0008271043954759331,-0.38678423094882564,0.698915952269846,7701,2380,3640,-0.0006312394407459453,0.2707440592130892,0.0,0.0,11,event_fe_peer_industry_week_fe
peer_car_m1_p1_mm,specz_ai_active,0.00046598691308416394,0.0009894061702097902,0.47097635643949715,0.6376576192085961,7701,2380,3640,-0.0006130157653020486,0.2707440592130892,0.0,0.0,11,event_fe
peer_car_m1_p1_mm,specz_ai_active,0.00046598691308416383,0.0009894061702097902,0.47097635643949703,0.6376576192085963,7701,2380,3640,-0.0006130157653020486,0.2707440592130892,0.0,0.0,11,event_fe_peer_industry_week_fe
peer_car_0_p1_mm,specz_ai_active,0.0014302342531814219,0.0008705151085406461,1.6429746470214668,0.10038817892143537,7680,2374,3725,-0.0010679116075877554,0.2721354166666667,0.0,0.0,12,event_fe
peer_car_0_p1_mm,specz_ai_active,0.001430234253181422,0.0008705151085406461,1.642974647021467,0.10038817892143537,7680,2374,3725,-0.0010679116075877554,0.2721354166666667,0.0,0.0,12,event_fe_peer_industry_week_fe
peer_car_m1_p1_mm,specz_ai_active,0.0016092931431926944,0.0010637325149112176,1.512873885712717,0.13031169638786033,7680,2374,3725,-0.0010540949458419505,0.2721354166666667,0.0,0.0,12,event_fe
peer_car_m1_p1_mm,specz_ai_active,0.001609293143192694,0.0010637325149112176,1.5128738857127166,0.13031169638786033,7680,2374,3725,-0.0010540949458419505,0.2721354166666667,0.0,0.0,12,event_fe_peer_industry_week_fe
peer_car_0_p1_mm,specz_ai_active,-0.0006334148866623786,0.0009127371081808564,-0.693972975334393,0.4876991569235489,7746,2367,3705,-0.0007779535830746766,0.27356054737929253,0.0,0.0,13,event_fe
peer_car_0_p1_mm,specz_ai_active,-0.0006334148866623785,0.0009127371081808564,-0.6939729753343928,0.4876991569235489,7746,2367,3705,-0.0007779535830746766,0.27356054737929253,0.0,0.0,13,event_fe_peer_industry_week_fe
peer_car_m1_p1_mm,specz_ai_active,-0.0012304103027265857,0.0011537302280384752,-1.0664627421771542,0.28621451233340856,7746,2367,3705,-0.0010058332925944147,0.27356054737929253,0.0,0.0,13,event_fe
peer_car_m1_p1_mm,specz_ai_active,-0.0012304103027265855,0.0011537302280384752,-1.066462742177154,0.28621451233340856,7746,2367,3705,-0.0010058332925944147,0.27356054737929253,0.0,0.0,13,event_fe_peer_industry_week_fe
peer_car_0_p1_mm,specz_ai_active,0.00012656845207474496,0.0008731058958711417,0.14496346053013562,0.8847397212664083,7663,2374,3692,-0.0008305866240119612,0.26673626517029886,0.0,0.0,14,event_fe
peer_car_0_p1_mm,specz_ai_active,0.00012656845207474496,0.0008731058958711417,0.14496346053013562,0.8847397212664083,7663,2374,3692,-0.0008305866240119612,0.26673626517029886,0.0,0.0,14,event_fe_peer_industry_week_fe
peer_car_m1_p1_mm,specz_ai_active,-0.00029871461632703195,0.0010401737557156237,-0.28717761305323536,0.7739763268849114,7663,2374,3692,-0.001561203329008705,0.26673626517029886,0.0,0.0,14,event_fe
peer_car_m1_p1_mm,specz_ai_active,-0.0002987146163270315,0.0010401737557156237,-0.28717761305323497,0.7739763268849118,7663,2374,3692,-0.001561203329008705,0.26673626517029886,0.0,0.0,14,event_fe_peer_industry_week_fe
peer_car_0_p1_mm,specz_ai_active,0.0006930009166861772,0.0008011016712799845,0.8650598813243192,0.3870059229107028,7766,2374,3690,-0.0008269453369455654,0.27427246973989183,0.0,0.0,15,event_fe
peer_car_0_p1_mm,specz_ai_active,0.0006930009166861773,0.0008011016712799845,0.8650598813243193,0.38700592291070257,7766,2374,3690,-0.0008269453369455654,0.27427246973989183,0.0,0.0,15,event_fe_peer_industry_week_fe
peer_car_m1_p1_mm,specz_ai_active,0.0009147644267596763,0.001021239951662095,0.8957389742448609,0.37039218960206854,7766,2374,3690,-0.0012606301496798345,0.27427246973989183,0.0,0.0,15,event_fe
peer_car_m1_p1_mm,specz_ai_active,0.0009147644267596765,0.001021239951662095,0.8957389742448612,0.37039218960206854,7766,2374,3690,-0.0012606301496798345,0.27427246973989183,0.0,0.0,15,event_fe_peer_industry_week_fe
peer_car_0_p1_mm,specz_ai_active,2.3562708310051985e-05,0.0008594543964174354,0.02741589130065677,0.9781280235878065,7677,2370,3672,-0.0008372088093805227,0.2751074638530676,0.0,0.0,16,event_fe
peer_car_0_p1_mm,specz_ai_active,2.3562708310051727e-05,0.0008594543964174353,0.027415891300656477,0.9781280235878067,7677,2370,3672,-0.0008372088093805227,0.2751074638530676,0.0,0.0,16,event_fe_peer_industry_week_fe
peer_car_m1_p1_mm,specz_ai_active,0.0006125536790651133,0.0009651231364463823,0.6346896638708277,0.5256308361956405,7677,2370,3672,-0.0008384002267405341,0.2751074638530676,0.0,0.0,16,event_fe
peer_car_m1_p1_mm,specz_ai_active,0.0006125536790651132,0.0009651231364463823,0.6346896638708276,0.5256308361956408,7677,2370,3672,-0.0008384002267405341,0.2751074638530676,0.0,0.0,16,event_fe_peer_industry_week_fe
peer_car_0_p1_mm,specz_ai_active,0.001276915428873222,0.0008459788452089122,1.5093940423036125,0.13119811466983022,7759,2368,3721,-0.0011384054250326416,0.27348885165614123,0.0,0.0,17,event_fe
peer_car_0_p1_mm,specz_ai_active,0.0012769154288732223,0.0008459788452089122,1.5093940423036127,0.13119811466983,7759,2368,3721,-0.0011384054250326416,0.27348885165614123,0.0,0.0,17,event_fe_peer_industry_week_fe
peer_car_m1_p1_mm,specz_ai_active,0.0007482755861779752,0.0010634781009803607,0.7036116545213126,0.48167465141745236,7759,2368,3721,-0.0013431580611482587,0.27348885165614123,0.0,0.0,17,event_fe
peer_car_m1_p1_mm,specz_ai_active,0.0007482755861779752,0.0010634781009803609,0.7036116545213125,0.48167465141745236,7759,2368,3721,-0.0013431580611482587,0.27348885165614123,0.0,0.0,17,event_fe_peer_industry_week_fe
peer_car_0_p1_mm,specz_ai_active,0.0012770138022977255,0.0007818607785563133,1.6333007580399417,0.10240575744972724,7719,2365,3680,-0.0009211203257054759,0.27814483741417284,0.0,0.0,18,event_fe
peer_car_0_p1_mm,specz_ai_active,0.0012770138022977255,0.0007818607785563133,1.6333007580399417,0.10240575744972724,7719,2365,3680,-0.0009211203257054759,0.27814483741417284,0.0,0.0,18,event_fe_peer_industry_week_fe
peer_car_m1_p1_mm,specz_ai_active,0.0018136656941889263,0.0009487297830142668,1.9116778314122482,0.05591752946697981,7719,2365,3680,-0.0009773192759521539,0.27814483741417284,0.0,0.0,18,event_fe
peer_car_m1_p1_mm,specz_ai_active,0.0018136656941889263,0.0009487297830142668,1.9116778314122482,0.05591752946697981,7719,2365,3680,-0.0009773192759521539,0.27814483741417284,0.0,0.0,18,event_fe_peer_industry_week_fe
peer_car_0_p1_mm,specz_ai_active,-0.0018579378852572558,0.0008294903581054228,-2.239854709704925,0.025100356730049622,7786,2371,3688,-0.0007463965518619075,0.2752376059594143,0.0,0.0,19,event_fe
peer_car_0_p1_mm,specz_ai_active,-0.001857937885257256,0.0008294903581054229,-2.2398547097049244,0.025100356730049622,7786,2371,3688,-0.0007463965518619075,0.2752376059594143,0.0,0.0,19,event_fe_peer_industry_week_fe
peer_car_m1_p1_mm,specz_ai_active,-0.0017331526351116889,0.0009985117961412368,-1.7357357637731294,0.08261056676606238,7786,2371,3688,-0.000175335247872276,0.2752376059594143,0.0,0.0,19,event_fe
peer_car_m1_p1_mm,specz_ai_active,-0.0017331526351116889,0.0009985117961412368,-1.7357357637731294,0.08261056676606238,7786,2371,3688,-0.000175335247872276,0.2752376059594143,0.0,0.0,19,event_fe_peer_industry_week_fe
peer_car_0_p1_mm,specz_ai_active,0.0015714179993348983,0.000806128984905378,1.94933816890277,0.05125505322104007,7694,2375,3652,-0.0009600731552086969,0.26995061086560956,0.0,0.0,20,event_fe
peer_car_0_p1_mm,specz_ai_active,0.0015714179993348981,0.000806128984905378,1.9493381689027698,0.05125505322104007,7694,2375,3652,-0.0009600731552086969,0.26995061086560956,0.0,0.0,20,event_fe_peer_industry_week_fe
peer_car_m1_p1_mm,specz_ai_active,0.0018075937103806232,0.0008985323378687357,2.0117180364015903,0.0442496682278386,7694,2375,3652,-0.0009860244642465059,0.26995061086560956,0.0,0.0,20,event_fe
peer_car_m1_p1_mm,specz_ai_active,0.001807593710380624,0.0008985323378687359,2.0117180364015907,0.0442496682278386,7694,2375,3652,-0.0009860244642465059,0.26995061086560956,0.0,0.0,20,event_fe_peer_industry_week_fe
peer_car_0_p1_mm,specz_ai_active,1.833575098076286e-05,0.0008732306272388079,0.0209976040793957,0.9832475669231284,7699,2365,3636,-0.00020700853542992057,0.272502922457462,0.0,0.0,21,event_fe
peer_car_0_p1_mm,specz_ai_active,1.8335750980762697e-05,0.0008732306272388079,0.020997604079395514,0.9832475669231286,7699,2365,3636,-0.00020700853542992057,0.272502922457462,0.0,0.0,21,event_fe_peer_industry_week_fe
peer_car_m1_p1_mm,specz_ai_active,0.00043082041711846623,0.0010267733511130596,0.4195866757268693,0.6747874237548963,7699,2365,3636,-0.0002576134552476233,0.272502922457462,0.0,0.0,21,event_fe
peer_car_m1_p1_mm,specz_ai_active,0.0004308204171184661,0.0010267733511130596,0.4195866757268692,0.6747874237548963,7699,2365,3636,-0.0002576134552476233,0.272502922457462,0.0,0.0,21,event_fe_peer_industry_week_fe
peer_car_0_p1_mm,specz_ai_active,-0.0003915047079774241,0.0009322556629771929,-0.4199542287864891,0.6745188910494369,7701,2370,3643,-0.0010064665551858146,0.2789248149590962,0.0,0.0,22,event_fe
peer_car_0_p1_mm,specz_ai_active,-0.0003915047079774242,0.0009322556629771929,-0.41995422878648914,0.6745188910494369,7701,2370,3643,-0.0010064665551858146,0.2789248149590962,0.0,0.0,22,event_fe_peer_industry_week_fe
peer_car_m1_p1_mm,specz_ai_active,0.000693791648531304,0.0010846642638247905,0.6396372330778425,0.5224084704347818,7701,2370,3643,-0.001401349817579517,0.2789248149590962,0.0,0.0,22,event_fe
peer_car_m1_p1_mm,specz_ai_active,0.000693791648531304,0.0010846642638247905,0.6396372330778425,0.5224084704347818,7701,2370,3643,-0.001401349817579517,0.2789248149590962,0.0,0.0,22,event_fe_peer_industry_week_fe
peer_car_0_p1_mm,specz_ai_active,-0.0005968466261525117,0.0009633622457649616,-0.6195453774281795,0.5355571380318154,7726,2373,3698,-0.0005428244260391623,0.28035205798602125,0.0,0.0,23,event_fe
peer_car_0_p1_mm,specz_ai_active,-0.0005968466261525117,0.0009633622457649616,-0.6195453774281795,0.5355571380318154,7726,2373,3698,-0.0005428244260391623,0.28035205798602125,0.0,0.0,23,event_fe_peer_industry_week_fe
peer_car_m1_p1_mm,specz_ai_active,-0.000332971185342405,0.0011228729380159466,-0.2965350522479831,0.7668215021801368,7726,2373,3698,-0.0009225149162239022,0.28035205798602125,0.0,0.0,23,event_fe
peer_car_m1_p1_mm,specz_ai_active,-0.0003329711853424052,0.0011228729380159468,-0.2965350522479832,0.7668215021801368,7726,2373,3698,-0.0009225149162239022,0.28035205798602125,0.0,0.0,23,event_fe_peer_industry_week_fe
peer_car_0_p1_mm,specz_ai_active,0.0002030741140908342,0.0009077274665604742,0.2237170533798154,0.8229774755694086,7807,2379,3707,-0.0009595690656860504,0.27142308184962216,0.0,0.0,24,event_fe
peer_car_0_p1_mm,specz_ai_active,0.0002030741140908342,0.0009077274665604742,0.2237170533798154,0.8229774755694086,7807,2379,3707,-0.0009595690656860504,0.27142308184962216,0.0,0.0,24,event_fe_peer_industry_week_fe
peer_car_m1_p1_mm,specz_ai_active,-3.755764604188857e-05,0.0011446185849737314,-0.03281236783583285,0.9738242154175467,7807,2379,3707,-0.0006864572605348774,0.27142308184962216,0.0,0.0,24,event_fe
peer_car_m1_p1_mm,specz_ai_active,-3.7557646041888354e-05,0.0011446185849737314,-0.03281236783583266,0.9738242154175467,7807,2379,3707,-0.0006864572605348774,0.27142308184962216,0.0,0.0,24,event_fe_peer_industry_week_fe
peer_car_0_p1_mm,specz_ai_active,-0.00044753812384078966,0.0008600662113764634,-0.5203531052853974,0.6028174885959399,7740,2381,3677,-0.0009036168181930713,0.27364341085271315,0.0,0.0,25,event_fe
peer_car_0_p1_mm,specz_ai_active,-0.00044753812384078977,0.0008600662113764634,-0.5203531052853975,0.6028174885959396,7740,2381,3677,-0.0009036168181930713,0.27364341085271315,0.0,0.0,25,event_fe_peer_industry_week_fe
peer_car_m1_p1_mm,specz_ai_active,-0.0011429558421527266,0.0009892338159730738,-1.1553950377529725,0.24792869306162846,7740,2381,3677,-0.0006537403928767778,0.27364341085271315,0.0,0.0,25,event_fe
peer_car_m1_p1_mm,specz_ai_active,-0.0011429558421527266,0.0009892338159730738,-1.1553950377529725,0.24792869306162846,7740,2381,3677,-0.0006537403928767778,0.27364341085271315,0.0,0.0,25,event_fe_peer_industry_week_fe
peer_car_0_p1_mm,specz_ai_active,-0.0011031796743158609,0.0009071019610370057,-1.2161584052300995,0.22392458529281,7713,2367,3709,-0.00010725136896497563,0.2670815506288085,0.0,0.0,26,event_fe
peer_car_0_p1_mm,specz_ai_active,-0.0011031796743158607,0.0009071019610370057,-1.2161584052300993,0.22392458529281,7713,2367,3709,-0.00010725136896497563,0.2670815506288085,0.0,0.0,26,event_fe_peer_industry_week_fe
peer_car_m1_p1_mm,specz_ai_active,-0.001002475432703745,0.0009933339014562856,-1.009202878542711,0.3128773464170469,7713,2367,3709,-0.0002043313208002989,0.2670815506288085,0.0,0.0,26,event_fe
peer_car_m1_p1_mm,specz_ai_active,-0.001002475432703745,0.0009933339014562856,-1.009202878542711,0.3128773464170469,7713,2367,3709,-0.0002043313208002989,0.2670815506288085,0.0,0.0,26,event_fe_peer_industry_week_fe
peer_car_0_p1_mm,specz_ai_active,-0.0006573117899313261,0.0008193925001895795,-0.8021940520315314,0.42244071648185466,7776,2374,3705,-0.00030966313400023615,0.2725051440329218,0.0,0.0,27,event_fe
peer_car_0_p1_mm,specz_ai_active,-0.000657311789931326,0.0008193925001895794,-0.8021940520315314,0.42244071648185466,7776,2374,3705,-0.00030966313400023615,0.2725051440329218,0.0,0.0,27,event_fe_peer_industry_week_fe
peer_car_m1_p1_mm,specz_ai_active,-0.00030104563335258566,0.0009825434878710155,-0.3063942075529849,0.7593045181337357,7776,2374,3705,-0.0005137784348982887,0.2725051440329218,0.0,0.0,27,event_fe
peer_car_m1_p1_mm,specz_ai_active,-0.00030104563335258555,0.0009825434878710155,-0.3063942075529848,0.7593045181337359,7776,2374,3705,-0.0005137784348982887,0.2725051440329218,0.0,0.0,27,event_fe_peer_industry_week_fe
peer_car_0_p1_mm,specz_ai_active,0.0005548273285998297,0.0008708562751601488,0.6371055068734481,0.5240561217860835,7770,2373,3688,-0.0003938916644181293,0.2797940797940798,0.0,0.0,28,event_fe
peer_car_0_p1_mm,specz_ai_active,0.0005548273285998296,0.0008708562751601488,0.637105506873448,0.5240561217860837,7770,2373,3688,-0.0003938916644181293,0.2797940797940798,0.0,0.0,28,event_fe_peer_industry_week_fe
peer_car_m1_p1_mm,specz_ai_active,0.0007136478761243936,0.0010078457356488889,0.708092370569907,0.4788878971831476,7770,2373,3688,-0.0004252095407987352,0.2797940797940798,0.0,0.0,28,event_fe
peer_car_m1_p1_mm,specz_ai_active,0.0007136478761243935,0.0010078457356488889,0.7080923705699069,0.4788878971831476,7770,2373,3688,-0.0004252095407987352,0.2797940797940798,0.0,0.0,28,event_fe_peer_industry_week_fe
peer_car_0_p1_mm,specz_ai_active,0.0003095425089907033,0.0009060799934837802,0.3416282350530063,0.7326306858027118,7721,2372,3657,-0.00043701628139668734,0.2772956870871649,0.0,0.0,29,event_fe
peer_car_0_p1_mm,specz_ai_active,0.00030954250899070337,0.0009060799934837802,0.3416282350530064,0.7326306858027118,7721,2372,3657,-0.00043701628139668734,0.2772956870871649,0.0,0.0,29,event_fe_peer_industry_week_fe
peer_car_m1_p1_mm,specz_ai_active,0.0006530374888949576,0.0011461652164623476,0.5697585998208579,0.5688414386959157,7721,2372,3657,-0.00045426141063545296,0.2772956870871649,0.0,0.0,29,event_fe
peer_car_m1_p1_mm,specz_ai_active,0.0006530374888949575,0.0011461652164623476,0.5697585998208577,0.568841438695916,7721,2372,3657,-0.00045426141063545296,0.2772956870871649,0.0,0.0,29,event_fe_peer_industry_week_fe
peer_car_0_p1_mm,specz_ai_active,0.0016043048662754092,0.0008716633774817948,1.840509659715417,0.06569344740464089,7703,2371,3675,-0.0010313645337021392,0.2792418538231858,0.0,0.0,30,event_fe
peer_car_0_p1_mm,specz_ai_active,0.0016043048662754092,0.0008716633774817948,1.840509659715417,0.06569344740464089,7703,2371,3675,-0.0010313645337021392,0.2792418538231858,0.0,0.0,30,event_fe_peer_industry_week_fe
peer_car_m1_p1_mm,specz_ai_active,0.0015138895852762966,0.0010593648891021247,1.4290539556766024,0.15298872611089687,7703,2371,3675,-0.001086110548237127,0.2792418538231858,0.0,0.0,30,event_fe
peer_car_m1_p1_mm,specz_ai_active,0.001513889585276297,0.0010593648891021247,1.4290539556766029,0.15298872611089664,7703,2371,3675,-0.001086110548237127,0.2792418538231858,0.0,0.0,30,event_fe_peer_industry_week_fe
peer_car_0_p1_mm,specz_ai_active,-0.0010971901268740205,0.000834133566807038,-1.3153650332930864,0.18838725125973532,7737,2371,3680,-0.0007861464817040696,0.270259790616518,0.0,0.0,31,event_fe
peer_car_0_p1_mm,specz_ai_active,-0.0010971901268740205,0.000834133566807038,-1.3153650332930864,0.18838725125973532,7737,2371,3680,-0.0007861464817040696,0.270259790616518,0.0,0.0,31,event_fe_peer_industry_week_fe
peer_car_m1_p1_mm,specz_ai_active,-0.0009539307051817205,0.000977213306252697,-0.9761744944302305,0.32897800031894997,7737,2371,3680,-0.0013110691412872176,0.270259790616518,0.0,0.0,31,event_fe
peer_car_m1_p1_mm,specz_ai_active,-0.0009539307051817205,0.000977213306252697,-0.9761744944302305,0.32897800031894997,7737,2371,3680,-0.0013110691412872176,0.270259790616518,0.0,0.0,31,event_fe_peer_industry_week_fe
peer_car_0_p1_mm,specz_ai_active,0.00024985879194210043,0.0008518512736703339,0.2933126939700928,0.769283151751792,7734,2361,3699,-0.00035436912262536813,0.2765709852598914,0.0,0.0,32,event_fe
peer_car_0_p1_mm,specz_ai_active,0.0002498587919421003,0.0008518512736703339,0.2933126939700927,0.7692831517517922,7734,2361,3699,-0.00035436912262536813,0.2765709852598914,0.0,0.0,32,event_fe_peer_industry_week_fe
peer_car_m1_p1_mm,specz_ai_active,-5.869547954956427e-05,0.0009883588038978718,-0.059386813086585645,0.9526440161541452,7734,2361,3699,-0.00023389434782430704,0.2765709852598914,0.0,0.0,32,event_fe
peer_car_m1_p1_mm,specz_ai_active,-5.869547954956426e-05,0.0009883588038978718,-0.05938681308658564,0.9526440161541452,7734,2361,3699,-0.00023389434782430704,0.2765709852598914,0.0,0.0,32,event_fe_peer_industry_week_fe
peer_car_0_p1_mm,specz_ai_active,-0.00013880889696095145,0.0009424745889135209,-0.14728131516094192,0.8829099799825453,7801,2372,3678,-0.0005585797173128958,0.26958082297141395,0.0,0.0,33,event_fe
peer_car_0_p1_mm,specz_ai_active,-0.00013880889696095145,0.0009424745889135209,-0.14728131516094192,0.8829099799825453,7801,2372,3678,-0.0005585797173128958,0.26958082297141395,0.0,0.0,33,event_fe_peer_industry_week_fe
peer_car_m1_p1_mm,specz_ai_active,0.00034486446851814015,0.0010808382134087195,0.31907131357848234,0.7496724360758509,7801,2372,3678,-0.0006619779618654184,0.26958082297141395,0.0,0.0,33,event_fe
peer_car_m1_p1_mm,specz_ai_active,0.00034486446851814004,0.0010808382134087195,0.31907131357848223,0.7496724360758509,7801,2372,3678,-0.0006619779618654184,0.26958082297141395,0.0,0.0,33,event_fe_peer_industry_week_fe
peer_car_0_p1_mm,specz_ai_active,0.000932826531388547,0.000866336703444487,1.076748252359275,0.28159274922872024,7746,2372,3713,-0.0013444512122483096,0.2686547895688097,0.0,0.0,34,event_fe
peer_car_0_p1_mm,specz_ai_active,0.0009328265313885472,0.0008663367034444872,1.076748252359275,0.28159274922872024,7746,2372,3713,-0.0013444512122483096,0.2686547895688097,0.0,0.0,34,event_fe_peer_industry_week_fe
peer_car_m1_p1_mm,specz_ai_active,0.001067132632370275,0.001067602553214197,0.9995598354064372,0.3175235686347233,7746,2372,3713,-0.0014922210375198479,0.2686547895688097,0.0,0.0,34,event_fe
peer_car_m1_p1_mm,specz_ai_active,0.001067132632370275,0.001067602553214197,0.9995598354064372,0.3175235686347233,7746,2372,3713,-0.0014922210375198479,0.2686547895688097,0.0,0.0,34,event_fe_peer_industry_week_fe
peer_car_0_p1_mm,specz_ai_active,5.589577366926364e-06,0.0008587882928557625,0.006508679046309682,0.9948068621438202,7717,2375,3625,-0.0010856134571453108,0.2766619152520409,0.0,0.0,35,event_fe
peer_car_0_p1_mm,specz_ai_active,5.5895773669265194e-06,0.0008587882928557619,0.006508679046309867,0.99480686214382,7717,2375,3625,-0.0010856134571453108,0.2766619152520409,0.0,0.0,35,event_fe_peer_industry_week_fe
peer_car_m1_p1_mm,specz_ai_active,-0.0007006568346923817,0.0010394370164318008,-0.6740733912840721,0.5002646553683041,7717,2375,3625,-0.0013915369614179893,0.2766619152520409,0.0,0.0,35,event_fe
peer_car_m1_p1_mm,specz_ai_active,-0.0007006568346923812,0.0010394370164318002,-0.674073391284072,0.5002646553683041,7717,2375,3625,-0.0013915369614179893,0.2766619152520409,0.0,0.0,35,event_fe_peer_industry_week_fe
peer_car_0_p1_mm,specz_ai_active,-0.0001895389693872075,0.0008282767032789256,-0.2288353259688139,0.8189969090454505,7728,2375,3671,-0.000802142022895291,0.2741977225672878,0.0,0.0,36,event_fe
peer_car_0_p1_mm,specz_ai_active,-0.00018953896938720722,0.0008282767032789256,-0.22883532596881356,0.8189969090454507,7728,2375,3671,-0.000802142022895291,0.2741977225672878,0.0,0.0,36,event_fe_peer_industry_week_fe
peer_car_m1_p1_mm,specz_ai_active,-0.0006251755850597267,0.0010419024898173004,-0.6000327201150585,0.5484844294195073,7728,2375,3671,-0.0010247605145629506,0.2741977225672878,0.0,0.0,36,event_fe
peer_car_m1_p1_mm,specz_ai_active,-0.000625175585059727,0.0010419024898173004,-0.6000327201150587,0.548484429419507,7728,2375,3671,-0.0010247605145629506,0.2741977225672878,0.0,0.0,36,event_fe_peer_industry_week_fe
peer_car_0_p1_mm,specz_ai_active,0.000524063319543668,0.0008357368908143714,0.6270673525408245,0.5306150864503132,7766,2367,3706,-0.0012317072832290189,0.2746587689930466,0.0,0.0,37,event_fe
peer_car_0_p1_mm,specz_ai_active,0.000524063319543668,0.0008357368908143717,0.6270673525408242,0.5306150864503134,7766,2367,3706,-0.0012317072832290189,0.2746587689930466,0.0,0.0,37,event_fe_peer_industry_week_fe
peer_car_m1_p1_mm,specz_ai_active,0.0005093894045781626,0.0010139226740557856,0.5023947265530194,0.6153898877837831,7766,2367,3706,-0.0010971479671036204,0.2746587689930466,0.0,0.0,37,event_fe
peer_car_m1_p1_mm,specz_ai_active,0.0005093894045781629,0.0010139226740557856,0.5023947265530198,0.6153898877837829,7766,2367,3706,-0.0010971479671036204,0.2746587689930466,0.0,0.0,37,event_fe_peer_industry_week_fe
peer_car_0_p1_mm,specz_ai_active,-0.00019353018056533474,0.0008732105643707803,-0.22163059914968972,0.8246014601437277,7667,2378,3683,-0.0012341612521562088,0.2772922916394939,0.0,0.0,38,event_fe
peer_car_0_p1_mm,specz_ai_active,-0.00019353018056533463,0.0008732105643707805,-0.22163059914968955,0.8246014601437279,7667,2378,3683,-0.0012341612521562088,0.2772922916394939,0.0,0.0,38,event_fe_peer_industry_week_fe
peer_car_m1_p1_mm,specz_ai_active,3.773064598378783e-05,0.0010278485910126109,0.03670836961173098,0.9707175351572317,7667,2378,3683,-0.0012765984954383343,0.2772922916394939,0.0,0.0,38,event_fe
peer_car_m1_p1_mm,specz_ai_active,3.773064598378753e-05,0.001027848591012611,0.036708369611730685,0.9707175351572319,7667,2378,3683,-0.0012765984954383343,0.2772922916394939,0.0,0.0,38,event_fe_peer_industry_week_fe
peer_car_0_p1_mm,specz_ai_active,-0.0008763870514072931,0.0008350658928678248,-1.0494825125686322,0.2939560996288053,7673,2373,3679,-0.0005003423474540612,0.26339111169034274,0.0,0.0,39,event_fe
peer_car_0_p1_mm,specz_ai_active,-0.0008763870514072931,0.0008350658928678248,-1.0494825125686322,0.2939560996288053,7673,2373,3679,-0.0005003423474540612,0.26339111169034274,0.0,0.0,39,event_fe_peer_industry_week_fe
peer_car_m1_p1_mm,specz_ai_active,-0.00012159709905614125,0.0009839312593678123,-0.12358292095960936,0.9016455159101022,7673,2373,3679,-0.0008531060022003083,0.26339111169034274,0.0,0.0,39,event_fe
peer_car_m1_p1_mm,specz_ai_active,-0.00012159709905614142,0.0009839312593678123,-0.12358292095960953,0.901645515910102,7673,2373,3679,-0.0008531060022003083,0.26339111169034274,0.0,0.0,39,event_fe_peer_industry_week_fe
peer_car_0_p1_mm,specz_ai_active,7.200093203785842e-05,0.000808461076192579,0.08905924373866514,0.9290348274221367,7766,2368,3691,-0.0007357570478749927,0.2759464331702292,0.0,0.0,40,event_fe
peer_car_0_p1_mm,specz_ai_active,7.200093203785877e-05,0.0008084610761925788,0.0890592437386656,0.9290348274221363,7766,2368,3691,-0.0007357570478749927,0.2759464331702292,0.0,0.0,40,event_fe_peer_industry_week_fe
peer_car_m1_p1_mm,specz_ai_active,0.0008572650727399994,0.0010871825902611283,0.7885198681613312,0.4303926817686361,7766,2368,3691,-0.0009250567996852272,0.2759464331702292,0.0,0.0,40,event_fe
peer_car_m1_p1_mm,specz_ai_active,0.0008572650727399992,0.0010871825902611283,0.788519868161331,0.43039268176863654,7766,2368,3691,-0.0009250567996852272,0.2759464331702292,0.0,0.0,40,event_fe_peer_industry_week_fe
peer_car_0_p1_mm,specz_ai_active,-0.00121689819022631,0.0009842129537887792,-1.2364175715649717,0.21630338789041015,7755,2377,3648,-0.0007756202265401382,0.27775628626692456,0.0,0.0,41,event_fe
peer_car_0_p1_mm,specz_ai_active,-0.0012168981902263103,0.0009842129537887792,-1.236417571564972,0.21630338789040993,7755,2377,3648,-0.0007756202265401382,0.27775628626692456,0.0,0.0,41,event_fe_peer_industry_week_fe
peer_car_m1_p1_mm,specz_ai_active,-0.0012953083543175389,0.0011272097744201817,-1.1491280360692617,0.2505031893500109,7755,2377,3648,-0.0008158112540302638,0.27775628626692456,0.0,0.0,41,event_fe
peer_car_m1_p1_mm,specz_ai_active,-0.0012953083543175393,0.0011272097744201817,-1.149128036069262,0.2505031893500107,7755,2377,3648,-0.0008158112540302638,0.27775628626692456,0.0,0.0,41,event_fe_peer_industry_week_fe
peer_car_0_p1_mm,specz_ai_active,-0.00022685003160036746,0.0008609887641806614,-0.26347618115114857,0.7921835798504586,7693,2381,3674,-0.001318843504839549,0.2721955024047836,0.0,0.0,42,event_fe
peer_car_0_p1_mm,specz_ai_active,-0.00022685003160036746,0.0008609887641806615,-0.2634761811511485,0.7921835798504586,7693,2381,3674,-0.001318843504839549,0.2721955024047836,0.0,0.0,42,event_fe_peer_industry_week_fe
peer_car_m1_p1_mm,specz_ai_active,0.0009284222050731077,0.0010178862414497493,0.9121080207850927,0.36171185648255344,7693,2381,3674,-0.0013319258314994753,0.2721955024047836,0.0,0.0,42,event_fe
peer_car_m1_p1_mm,specz_ai_active,0.0009284222050731077,0.0010178862414497488,0.912108020785093,0.36171185648255344,7693,2381,3674,-0.0013319258314994753,0.2721955024047836,0.0,0.0,42,event_fe_peer_industry_week_fe
peer_car_0_p1_mm,specz_ai_active,-0.0009014654282921277,0.0008801017839182073,-1.0242740609828214,0.30570584610278284,7732,2374,3697,-0.0008386189208818601,0.26939989653388513,0.0,0.0,43,event_fe
peer_car_0_p1_mm,specz_ai_active,-0.000901465428292128,0.0008801017839182073,-1.0242740609828216,0.3057058461027826,7732,2374,3697,-0.0008386189208818601,0.26939989653388513,0.0,0.0,43,event_fe_peer_industry_week_fe
peer_car_m1_p1_mm,specz_ai_active,-0.00031980625510304563,0.0010839937772332679,-0.2950259141886435,0.7679740836462836,7732,2374,3697,-0.001041659037691473,0.26939989653388513,0.0,0.0,43,event_fe
peer_car_m1_p1_mm,specz_ai_active,-0.00031980625510304563,0.001083993777233268,-0.29502591418864343,0.7679740836462836,7732,2374,3697,-0.001041659037691473,0.26939989653388513,0.0,0.0,43,event_fe_peer_industry_week_fe
peer_car_0_p1_mm,specz_ai_active,-0.0014327293053533574,0.0008918252698971736,-1.6065134659377274,0.10816113864047994,7658,2377,3688,-0.0007817098663353403,0.2743536171324106,0.0,0.0,44,event_fe
peer_car_0_p1_mm,specz_ai_active,-0.0014327293053533574,0.0008918252698971736,-1.6065134659377274,0.10816113864047994,7658,2377,3688,-0.0007817098663353403,0.2743536171324106,0.0,0.0,44,event_fe_peer_industry_week_fe
peer_car_m1_p1_mm,specz_ai_active,-0.0020630013811169814,0.0010673932512792067,-1.932747259404721,0.053267340258310814,7658,2377,3688,-0.0013406412105209302,0.2743536171324106,0.0,0.0,44,event_fe
peer_car_m1_p1_mm,specz_ai_active,-0.002063001381116982,0.0010673932512792069,-1.932747259404721,0.053267340258310814,7658,2377,3688,-0.0013406412105209302,0.2743536171324106,0.0,0.0,44,event_fe_peer_industry_week_fe
peer_car_0_p1_mm,specz_ai_active,0.0005161164332731611,0.0007716198166191616,0.6688740000671782,0.5035758568597895,7717,2372,3701,-0.001120644756516742,0.27251522612414153,0.0,0.0,45,event_fe
peer_car_0_p1_mm,specz_ai_active,0.0005161164332731611,0.0007716198166191618,0.668874000067178,0.5035758568597895,7717,2372,3701,-0.001120644756516742,0.27251522612414153,0.0,0.0,45,event_fe_peer_industry_week_fe
peer_car_m1_p1_mm,specz_ai_active,-0.0002279780818478273,0.0010084584760668945,-0.22606590876896426,0.8211501590989734,7717,2372,3701,-0.0008777357405869605,0.27251522612414153,0.0,0.0,45,event_fe
peer_car_m1_p1_mm,specz_ai_active,-0.0002279780818478273,0.0010084584760668945,-0.22606590876896426,0.8211501590989734,7717,2372,3701,-0.0008777357405869605,0.27251522612414153,0.0,0.0,45,event_fe_peer_industry_week_fe
peer_car_0_p1_mm,specz_ai_active,0.0015661340766424715,0.0008947729509720023,1.7503145070949695,0.08006405900264557,7601,2366,3647,-0.0010173170794219115,0.26878042362846993,0.0,0.0,46,event_fe
peer_car_0_p1_mm,specz_ai_active,0.0015661340766424722,0.0008947729509720023,1.7503145070949704,0.08006405900264535,7601,2366,3647,-0.0010173170794219115,0.26878042362846993,0.0,0.0,46,event_fe_peer_industry_week_fe
peer_car_m1_p1_mm,specz_ai_active,0.0018166336162311674,0.0010611874608768652,1.7118875629477122,0.08691739109225027,7601,2366,3647,-0.0011019791844095997,0.26878042362846993,0.0,0.0,46,event_fe
peer_car_m1_p1_mm,specz_ai_active,0.0018166336162311674,0.0010611874608768652,1.7118875629477122,0.08691739109225027,7601,2366,3647,-0.0011019791844095997,0.26878042362846993,0.0,0.0,46,event_fe_peer_industry_week_fe
peer_car_0_p1_mm,specz_ai_active,-4.373899227580031e-05,0.0009577114939190403,-0.04567032196388965,0.963573018759301,7725,2368,3678,-0.00030300348820800206,0.2796116504854369,0.0,0.0,47,event_fe
peer_car_0_p1_mm,specz_ai_active,-4.373899227580034e-05,0.0009577114939190403,-0.045670321963889676,0.963573018759301,7725,2368,3678,-0.00030300348820800206,0.2796116504854369,0.0,0.0,47,event_fe_peer_industry_week_fe
peer_car_m1_p1_mm,specz_ai_active,0.0004583654043482574,0.0011399650145902114,0.4020872557330439,0.687619811560702,7725,2368,3678,-0.0005004606701497664,0.2796116504854369,0.0,0.0,47,event_fe
peer_car_m1_p1_mm,specz_ai_active,0.0004583654043482572,0.0011399650145902114,0.4020872557330437,0.6876198115607022,7725,2368,3678,-0.0005004606701497664,0.2796116504854369,0.0,0.0,47,event_fe_peer_industry_week_fe
peer_car_0_p1_mm,specz_ai_active,-0.0013849301879548094,0.0008102509233652626,-1.709260857368354,0.08740264042422541,7721,2367,3698,-0.0011255174724097618,0.26913612226395545,0.0,0.0,48,event_fe
peer_car_0_p1_mm,specz_ai_active,-0.0013849301879548094,0.0008102509233652626,-1.709260857368354,0.08740264042422541,7721,2367,3698,-0.0011255174724097618,0.26913612226395545,0.0,0.0,48,event_fe_peer_industry_week_fe
peer_car_m1_p1_mm,specz_ai_active,-0.0015388545100146775,0.001057053704279937,-1.4557959579385253,0.1454490334965346,7721,2367,3698,-0.0010793810463645196,0.26913612226395545,0.0,0.0,48,event_fe
peer_car_m1_p1_mm,specz_ai_active,-0.0015388545100146775,0.0010570537042799367,-1.4557959579385256,0.1454490334965346,7721,2367,3698,-0.0010793810463645196,0.26913612226395545,0.0,0.0,48,event_fe_peer_industry_week_fe
peer_car_0_p1_mm,specz_ai_active,0.00013964425204621446,0.0009580886029901381,0.14575296231516893,0.8841164098798824,7770,2367,3712,-0.0009058011567282701,0.27696267696267696,0.0,0.0,49,event_fe
peer_car_0_p1_mm,specz_ai_active,0.00013964425204621435,0.0009580886029901381,0.14575296231516882,0.8841164098798826,7770,2367,3712,-0.0009058011567282701,0.27696267696267696,0.0,0.0,49,event_fe_peer_industry_week_fe
peer_car_m1_p1_mm,specz_ai_active,-6.434384798040588e-05,0.0011117690514641375,-0.057875192600179544,0.9538480434293135,7770,2367,3712,-0.0011118267795457858,0.27696267696267696,0.0,0.0,49,event_fe
peer_car_m1_p1_mm,specz_ai_active,-6.434384798040585e-05,0.0011117690514641375,-0.05787519260017952,0.9538480434293135,7770,2367,3712,-0.0011118267795457858,0.27696267696267696,0.0,0.0,49,event_fe_peer_industry_week_fe
peer_car_0_p1_mm,specz_ai_active,-0.0010536394747302858,0.0010226256628538572,-1.0303276291638115,0.3028562333783289,7712,2371,3660,-0.0007508483838730223,0.2773599585062241,0.0,0.0,50,event_fe
peer_car_0_p1_mm,specz_ai_active,-0.0010536394747302862,0.0010226256628538574,-1.0303276291638115,0.3028562333783289,7712,2371,3660,-0.0007508483838730223,0.2773599585062241,0.0,0.0,50,event_fe_peer_industry_week_fe
peer_car_m1_p1_mm,specz_ai_active,-0.00023176810108750526,0.001235658268649617,-0.18756650359390373,0.851216486406283,7712,2371,3660,-0.0009576775928297714,0.2773599585062241,0.0,0.0,50,event_fe
peer_car_m1_p1_mm,specz_ai_active,-0.0002317681010875052,0.001235658268649617,-0.1875665035939037,0.851216486406283,7712,2371,3660,-0.0009576775928297714,0.2773599585062241,0.0,0.0,50,event_fe_peer_industry_week_fe
peer_car_0_p1_mm,specz_ai_active,-0.0009759134129342655,0.0009488068369570019,-1.028569119573589,0.30368219522571405,7676,2380,3683,-0.0006430405573419019,0.272146951537259,0.0,0.0,51,event_fe
peer_car_0_p1_mm,specz_ai_active,-0.000975913412934265,0.0009488068369570019,-1.0285691195735887,0.30368219522571405,7676,2380,3683,-0.0006430405573419019,0.272146951537259,0.0,0.0,51,event_fe_peer_industry_week_fe
peer_car_m1_p1_mm,specz_ai_active,-0.0006932249691428171,0.0011972726200944585,-0.5790034429152195,0.5625868500670559,7676,2380,3683,-0.0007376595751523102,0.272146951537259,0.0,0.0,51,event_fe
peer_car_m1_p1_mm,specz_ai_active,-0.0006932249691428175,0.0011972726200944585,-0.5790034429152199,0.5625868500670559,7676,2380,3683,-0.0007376595751523102,0.272146951537259,0.0,0.0,51,event_fe_peer_industry_week_fe
peer_car_0_p1_mm,specz_ai_active,0.0012253893467922992,0.0009547074354810086,1.2835234138245852,0.19930876203604386,7737,2379,3692,-0.00020828051105023425,0.26845030373529793,0.0,0.0,52,event_fe
peer_car_0_p1_mm,specz_ai_active,0.0012253893467922992,0.0009547074354810086,1.2835234138245852,0.19930876203604386,7737,2379,3692,-0.00020828051105023425,0.26845030373529793,0.0,0.0,52,event_fe_peer_industry_week_fe
peer_car_m1_p1_mm,specz_ai_active,0.00036959207310207536,0.001139960214782983,0.324214887773461,0.7457753515214496,7737,2379,3692,-0.0004117365544798682,0.26845030373529793,0.0,0.0,52,event_fe
peer_car_m1_p1_mm,specz_ai_active,0.00036959207310207525,0.001139960214782983,0.3242148877734609,0.7457753515214496,7737,2379,3692,-0.0004117365544798682,0.26845030373529793,0.0,0.0,52,event_fe_peer_industry_week_fe
peer_car_0_p1_mm,specz_ai_active,-0.0001346211285697364,0.000833370637820812,-0.161538122967421,0.8716695878280369,7690,2367,3661,-0.0006933153092446804,0.26814044213263977,0.0,0.0,53,event_fe
peer_car_0_p1_mm,specz_ai_active,-0.00013462112856973637,0.0008333706378208121,-0.16153812296742096,0.8716695878280369,7690,2367,3661,-0.0006933153092446804,0.26814044213263977,0.0,0.0,53,event_fe_peer_industry_week_fe
peer_car_m1_p1_mm,specz_ai_active,0.00042309307650602014,0.0010758201485009504,0.39327491411604326,0.694116444258325,7690,2367,3661,-0.000510211815895106,0.26814044213263977,0.0,0.0,53,event_fe
peer_car_m1_p1_mm,specz_ai_active,0.00042309307650602025,0.0010758201485009504,0.3932749141160433,0.694116444258325,7690,2367,3661,-0.000510211815895106,0.26814044213263977,0.0,0.0,53,event_fe_peer_industry_week_fe
peer_car_0_p1_mm,specz_ai_active,-0.00028162610231738383,0.0008119010293753058,-0.3468724538187531,0.7286871419667502,7698,2371,3707,-0.0002568978389180571,0.2730579371265264,0.0,0.0,54,event_fe
peer_car_0_p1_mm,specz_ai_active,-0.0002816261023173836,0.0008119010293753058,-0.3468724538187528,0.7286871419667504,7698,2371,3707,-0.0002568978389180571,0.2730579371265264,0.0,0.0,54,event_fe_peer_industry_week_fe
peer_car_m1_p1_mm,specz_ai_active,-0.0010904323463405722,0.0009854490894449063,-1.1065334150897657,0.26849570921843857,7698,2371,3707,-0.0005129823324903484,0.2730579371265264,0.0,0.0,54,event_fe
peer_car_m1_p1_mm,specz_ai_active,-0.0010904323463405724,0.0009854490894449063,-1.1065334150897659,0.26849570921843857,7698,2371,3707,-0.0005129823324903484,0.2730579371265264,0.0,0.0,54,event_fe_peer_industry_week_fe
peer_car_0_p1_mm,specz_ai_active,-0.00019476604129026762,0.000832522601174946,-0.2339468514312917,0.8150262400880084,7682,2372,3696,-0.0005348992821249057,0.271674043217912,0.0,0.0,55,event_fe
peer_car_0_p1_mm,specz_ai_active,-0.00019476604129026775,0.000832522601174946,-0.23394685143129187,0.8150262400880082,7682,2372,3696,-0.0005348992821249057,0.271674043217912,0.0,0.0,55,event_fe_peer_industry_week_fe
peer_car_m1_p1_mm,specz_ai_active,0.0002510217444289769,0.00095420786715075,0.2630681983146125,0.7924980149280136,7682,2372,3696,-0.0009202266604916841,0.271674043217912,0.0,0.0,55,event_fe
peer_car_m1_p1_mm,specz_ai_active,0.0002510217444289769,0.00095420786715075,0.2630681983146125,0.7924980149280136,7682,2372,3696,-0.0009202266604916841,0.271674043217912,0.0,0.0,55,event_fe_peer_industry_week_fe
peer_car_0_p1_mm,specz_ai_active,0.0005893885599998726,0.0007948180021933433,0.7415390169490663,0.4583666837601581,7585,2375,3662,-0.001201338900248277,0.2706657877389585,0.0,0.0,56,event_fe
peer_car_0_p1_mm,specz_ai_active,0.0005893885599998726,0.0007948180021933433,0.7415390169490663,0.4583666837601581,7585,2375,3662,-0.001201338900248277,0.2706657877389585,0.0,0.0,56,event_fe_peer_industry_week_fe
peer_car_m1_p1_mm,specz_ai_active,0.00036194320466148875,0.0009281793949580942,0.38994962248416415,0.696573799218493,7585,2375,3662,-0.0014968386785848223,0.2706657877389585,0.0,0.0,56,event_fe
peer_car_m1_p1_mm,specz_ai_active,0.0003619432046614888,0.0009281793949580942,0.3899496224841642,0.696573799218493,7585,2375,3662,-0.0014968386785848223,0.2706657877389585,0.0,0.0,56,event_fe_peer_industry_week_fe
peer_car_0_p1_mm,specz_ai_active,-0.0006647947037268788,0.0008677464757747472,-0.7661162819858558,0.4436071157883794,7704,2369,3709,-0.0008429816260737895,0.2749221183800623,0.0,0.0,57,event_fe
peer_car_0_p1_mm,specz_ai_active,-0.0006647947037268787,0.000867746475774747,-0.7661162819858558,0.4436071157883794,7704,2369,3709,-0.0008429816260737895,0.2749221183800623,0.0,0.0,57,event_fe_peer_industry_week_fe
peer_car_m1_p1_mm,specz_ai_active,-0.0003976802693761695,0.0009985487820654581,-0.3982582288604707,0.6904398477362919,7704,2369,3709,-0.0010668561647195335,0.2749221183800623,0.0,0.0,57,event_fe
peer_car_m1_p1_mm,specz_ai_active,-0.00039768026937616956,0.0009985487820654583,-0.3982582288604707,0.6904398477362919,7704,2369,3709,-0.0010668561647195335,0.2749221183800623,0.0,0.0,57,event_fe_peer_industry_week_fe
peer_car_0_p1_mm,specz_ai_active,0.001366680348506221,0.0009619639858979863,1.42071882995748,0.1553985161258118,7783,2373,3728,-0.0005189446171023033,0.27534369780290374,0.0,0.0,58,event_fe
peer_car_0_p1_mm,specz_ai_active,0.001366680348506221,0.0009619639858979863,1.42071882995748,0.1553985161258118,7783,2373,3728,-0.0005189446171023033,0.27534369780290374,0.0,0.0,58,event_fe_peer_industry_week_fe
peer_car_m1_p1_mm,specz_ai_active,0.0018714437317259253,0.001138164023233065,1.6442654077308718,0.10012139144073173,7783,2373,3728,-0.0008017796027441126,0.27534369780290374,0.0,0.0,58,event_fe
peer_car_m1_p1_mm,specz_ai_active,0.0018714437317259261,0.001138164023233065,1.6442654077308727,0.10012139144073151,7783,2373,3728,-0.0008017796027441126,0.27534369780290374,0.0,0.0,58,event_fe_peer_industry_week_fe
peer_car_0_p1_mm,specz_ai_active,-8.894620819448022e-05,0.0008687662581457202,-0.10238220851754244,0.9184533050044861,7734,2370,3683,-0.0007319005546650046,0.28316524437548485,0.0,0.0,59,event_fe
peer_car_0_p1_mm,specz_ai_active,-8.894620819448017e-05,0.0008687662581457202,-0.10238220851754237,0.9184533050044861,7734,2370,3683,-0.0007319005546650046,0.28316524437548485,0.0,0.0,59,event_fe_peer_industry_week_fe
peer_car_m1_p1_mm,specz_ai_active,-0.000543682577223048,0.0011589695028105145,-0.46910861407881005,0.6389920021554338,7734,2370,3683,-0.0006022361675767368,0.28316524437548485,0.0,0.0,59,event_fe
peer_car_m1_p1_mm,specz_ai_active,-0.000543682577223048,0.0011589695028105147,-0.46910861407880994,0.6389920021554341,7734,2370,3683,-0.0006022361675767368,0.28316524437548485,0.0,0.0,59,event_fe_peer_industry_week_fe
peer_car_0_p1_mm,specz_ai_active,-0.000276179464064125,0.000851008303532934,-0.32453204383268025,0.7455352664021864,7718,2383,3639,-0.0004973515068512304,0.27325732054936513,0.0,0.0,60,event_fe
peer_car_0_p1_mm,specz_ai_active,-0.0002761794640641251,0.000851008303532934,-0.32453204383268036,0.7455352664021864,7718,2383,3639,-0.0004973515068512304,0.27325732054936513,0.0,0.0,60,event_fe_peer_industry_week_fe
peer_car_m1_p1_mm,specz_ai_active,-0.0004346087114295192,0.000998106195992502,-0.4354333368278019,0.663247917024913,7718,2383,3639,-0.0011215843113264266,0.27325732054936513,0.0,0.0,60,event_fe
peer_car_m1_p1_mm,specz_ai_active,-0.0004346087114295192,0.000998106195992502,-0.4354333368278019,0.663247917024913,7718,2383,3639,-0.0011215843113264266,0.27325732054936513,0.0,0.0,60,event_fe_peer_industry_week_fe
peer_car_0_p1_mm,specz_ai_active,-3.759726856167637e-06,0.0008750486588144279,-0.004296591758978931,0.9965718263191892,7638,2368,3715,-0.0009945347369069992,0.27625032731081434,0.0,0.0,61,event_fe
peer_car_0_p1_mm,specz_ai_active,-3.7597268561676505e-06,0.0008750486588144279,-0.004296591758978946,0.9965718263191892,7638,2368,3715,-0.0009945347369069992,0.27625032731081434,0.0,0.0,61,event_fe_peer_industry_week_fe
peer_car_m1_p1_mm,specz_ai_active,0.0006463399914373887,0.0011028864551575889,0.5860440015513969,0.5578459459567515,7638,2368,3715,-0.0010875976205649831,0.27625032731081434,0.0,0.0,61,event_fe
peer_car_m1_p1_mm,specz_ai_active,0.0006463399914373888,0.0011028864551575889,0.586044001551397,0.5578459459567515,7638,2368,3715,-0.0010875976205649831,0.27625032731081434,0.0,0.0,61,event_fe_peer_industry_week_fe
peer_car_0_p1_mm,specz_ai_active,-0.0013079060760544964,0.0009302346773594576,-1.4059958286731344,0.1597253634286071,7794,2376,3659,-0.0012439454063969287,0.2729022324865281,0.0,0.0,62,event_fe
peer_car_0_p1_mm,specz_ai_active,-0.0013079060760544964,0.0009302346773594579,-1.405995828673134,0.15972536342860733,7794,2376,3659,-0.0012439454063969287,0.2729022324865281,0.0,0.0,62,event_fe_peer_industry_week_fe
peer_car_m1_p1_mm,specz_ai_active,-0.0012608079241017813,0.001132078501583742,-1.1137106855557728,0.2654033236686275,7794,2376,3659,-0.001173959322817065,0.2729022324865281,0.0,0.0,62,event_fe
peer_car_m1_p1_mm,specz_ai_active,-0.0012608079241017813,0.001132078501583742,-1.1137106855557728,0.2654033236686275,7794,2376,3659,-0.001173959322817065,0.2729022324865281,0.0,0.0,62,event_fe_peer_industry_week_fe
peer_car_0_p1_mm,specz_ai_active,-0.0015419853476256776,0.0008550015130895849,-1.803488443024676,0.07131153883914543,7773,2385,3677,-0.0005631026667660448,0.27299626913675545,0.0,0.0,63,event_fe
peer_car_0_p1_mm,specz_ai_active,-0.0015419853476256779,0.0008550015130895849,-1.8034884430246763,0.07131153883914543,7773,2385,3677,-0.0005631026667660448,0.27299626913675545,0.0,0.0,63,event_fe_peer_industry_week_fe
peer_car_m1_p1_mm,specz_ai_active,-0.001174829998600695,0.0010225657826623772,-1.1489040788572829,0.25059553556437386,7773,2385,3677,-0.0009966964723833482,0.27299626913675545,0.0,0.0,63,event_fe
peer_car_m1_p1_mm,specz_ai_active,-0.001174829998600695,0.0010225657826623772,-1.1489040788572829,0.25059553556437386,7773,2385,3677,-0.0009966964723833482,0.27299626913675545,0.0,0.0,63,event_fe_peer_industry_week_fe
peer_car_0_p1_mm,specz_ai_active,0.0005149179601268634,0.0008775375425757863,0.5867759897946403,0.5573541643427926,7663,2383,3688,-0.0008393730705625475,0.27313062769150465,0.0,0.0,64,event_fe
peer_car_0_p1_mm,specz_ai_active,0.0005149179601268636,0.0008775375425757863,0.5867759897946406,0.5573541643427924,7663,2383,3688,-0.0008393730705625475,0.27313062769150465,0.0,0.0,64,event_fe_peer_industry_week_fe
peer_car_m1_p1_mm,specz_ai_active,0.0006949587941529136,0.0010215101735326598,0.6803248877586381,0.4962987693122942,7663,2383,3688,-0.0011072304535354955,0.27313062769150465,0.0,0.0,64,event_fe
peer_car_m1_p1_mm,specz_ai_active,0.0006949587941529136,0.0010215101735326598,0.6803248877586381,0.4962987693122942,7663,2383,3688,-0.0011072304535354955,0.27313062769150465,0.0,0.0,64,event_fe_peer_industry_week_fe
peer_car_0_p1_mm,specz_ai_active,-8.539112027461395e-05,0.0007690340635562226,-0.11103685040912518,0.9115871249965943,7741,2369,3673,-0.000570566760254369,0.2743831546311846,0.0,0.0,65,event_fe
peer_car_0_p1_mm,specz_ai_active,-8.539112027461401e-05,0.0007690340635562226,-0.11103685040912525,0.9115871249965941,7741,2369,3673,-0.000570566760254369,0.2743831546311846,0.0,0.0,65,event_fe_peer_industry_week_fe
peer_car_m1_p1_mm,specz_ai_active,0.00020125200653182843,0.0009836184634356257,0.20460373001629778,0.8378817409245221,7741,2369,3673,-0.0006807703579606282,0.2743831546311846,0.0,0.0,65,event_fe
peer_car_m1_p1_mm,specz_ai_active,0.00020125200653182837,0.0009836184634356257,0.20460373001629772,0.8378817409245221,7741,2369,3673,-0.0006807703579606282,0.2743831546311846,0.0,0.0,65,event_fe_peer_industry_week_fe
peer_car_0_p1_mm,specz_ai_active,-0.0009850378222896986,0.0008662741323513338,-1.1370971214573886,0.2554976871568351,7786,2378,3707,-0.0013349533801747609,0.27754944772668894,0.0,0.0,66,event_fe
peer_car_0_p1_mm,specz_ai_active,-0.0009850378222896984,0.0008662741323513338,-1.1370971214573884,0.2554976871568351,7786,2378,3707,-0.0013349533801747609,0.27754944772668894,0.0,0.0,66,event_fe_peer_industry_week_fe
peer_car_m1_p1_mm,specz_ai_active,-0.0005358543440680565,0.001084256144543556,-0.49421379511170527,0.621155198188432,7786,2378,3707,-0.001250725092691043,0.27754944772668894,0.0,0.0,66,event_fe
peer_car_m1_p1_mm,specz_ai_active,-0.0005358543440680565,0.001084256144543556,-0.49421379511170527,0.621155198188432,7786,2378,3707,-0.001250725092691043,0.27754944772668894,0.0,0.0,66,event_fe_peer_industry_week_fe
peer_car_0_p1_mm,specz_ai_active,-0.0006949889347423571,0.0008331383166756358,-0.8341819369387327,0.40417846825426773,7749,2366,3694,-0.0009216795564655017,0.266615047102852,0.0,0.0,67,event_fe
peer_car_0_p1_mm,specz_ai_active,-0.0006949889347423569,0.0008331383166756358,-0.8341819369387324,0.40417846825426773,7749,2366,3694,-0.0009216795564655017,0.266615047102852,0.0,0.0,67,event_fe_peer_industry_week_fe
peer_car_m1_p1_mm,specz_ai_active,-0.0013601840598221361,0.0010412954663307208,-1.306242179863803,0.19147021294649758,7749,2366,3694,-0.000969949385435556,0.266615047102852,0.0,0.0,67,event_fe
peer_car_m1_p1_mm,specz_ai_active,-0.0013601840598221366,0.0010412954663307208,-1.3062421798638035,0.19147021294649735,7749,2366,3694,-0.000969949385435556,0.266615047102852,0.0,0.0,67,event_fe_peer_industry_week_fe
peer_car_0_p1_mm,specz_ai_active,-0.0006717766922264748,0.0008963065113729331,-0.7494943791019315,0.4535592852457344,7731,2374,3664,-0.00036271893058696414,0.28004139179924975,0.0,0.0,68,event_fe
peer_car_0_p1_mm,specz_ai_active,-0.0006717766922264748,0.0008963065113729331,-0.7494943791019315,0.4535592852457344,7731,2374,3664,-0.00036271893058696414,0.28004139179924975,0.0,0.0,68,event_fe_peer_industry_week_fe
peer_car_m1_p1_mm,specz_ai_active,-0.0017143599750942904,0.0010774153615224487,-1.5911783294715633,0.11156944838030869,7731,2374,3664,-0.00035037409333695083,0.28004139179924975,0.0,0.0,68,event_fe
peer_car_m1_p1_mm,specz_ai_active,-0.0017143599750942906,0.0010774153615224487,-1.5911783294715636,0.11156944838030869,7731,2374,3664,-0.00035037409333695083,0.28004139179924975,0.0,0.0,68,event_fe_peer_industry_week_fe
peer_car_0_p1_mm,specz_ai_active,4.57588572065039e-06,0.0007981165198322665,0.005733355477483496,0.9954254692447801,7763,2374,3697,-0.0006159290780080817,0.27579543990725236,0.0,0.0,69,event_fe
peer_car_0_p1_mm,specz_ai_active,4.575885720650472e-06,0.0007981165198322665,0.005733355477483598,0.9954254692447801,7763,2374,3697,-0.0006159290780080817,0.27579543990725236,0.0,0.0,69,event_fe_peer_industry_week_fe
peer_car_m1_p1_mm,specz_ai_active,-0.00035593227528426825,0.0009971162078708114,-0.3569616785633311,0.7211204943521583,7763,2374,3697,-0.0008044378662636549,0.27579543990725236,0.0,0.0,69,event_fe
peer_car_m1_p1_mm,specz_ai_active,-0.0003559322752842679,0.0009971162078708114,-0.3569616785633308,0.7211204943521587,7763,2374,3697,-0.0008044378662636549,0.27579543990725236,0.0,0.0,69,event_fe_peer_industry_week_fe
peer_car_0_p1_mm,specz_ai_active,0.00014263814374698637,0.0008234912471817588,0.1732114873535549,0.8624851945178116,7738,2376,3654,-0.00038346064244830367,0.27513569397777204,0.0,0.0,70,event_fe
peer_car_0_p1_mm,specz_ai_active,0.00014263814374698643,0.0008234912471817588,0.173211487353555,0.8624851945178116,7738,2376,3654,-0.00038346064244830367,0.27513569397777204,0.0,0.0,70,event_fe_peer_industry_week_fe
peer_car_m1_p1_mm,specz_ai_active,0.0009740440875663218,0.001010516320284083,0.9639073293665282,0.3350923889022539,7738,2376,3654,-0.00022161165984727516,0.27513569397777204,0.0,0.0,70,event_fe
peer_car_m1_p1_mm,specz_ai_active,0.0009740440875663218,0.001010516320284083,0.9639073293665282,0.3350923889022539,7738,2376,3654,-0.00022161165984727516,0.27513569397777204,0.0,0.0,70,event_fe_peer_industry_week_fe
peer_car_0_p1_mm,specz_ai_active,-0.0004919375877903889,0.0009676299150889859,-0.5083943562711669,0.6111768099265322,7736,2380,3703,-0.0014710947594722037,0.2711995863495346,0.0,0.0,71,event_fe
peer_car_0_p1_mm,specz_ai_active,-0.0004919375877903889,0.0009676299150889859,-0.5083943562711669,0.6111768099265322,7736,2380,3703,-0.0014710947594722037,0.2711995863495346,0.0,0.0,71,event_fe_peer_industry_week_fe
peer_car_m1_p1_mm,specz_ai_active,-0.0006306190573587798,0.0011940355139561925,-0.5281409555980061,0.5974015066215694,7736,2380,3703,-0.001301772786045715,0.2711995863495346,0.0,0.0,71,event_fe
peer_car_m1_p1_mm,specz_ai_active,-0.0006306190573587804,0.0011940355139561925,-0.5281409555980066,0.5974015066215692,7736,2380,3703,-0.001301772786045715,0.2711995863495346,0.0,0.0,71,event_fe_peer_industry_week_fe
peer_car_0_p1_mm,specz_ai_active,-0.0013544655622689194,0.0009822471494163735,-1.378945780676186,0.1679114715127481,7703,2374,3725,-0.0011510800194705212,0.2711930416720758,0.0,0.0,72,event_fe
peer_car_0_p1_mm,specz_ai_active,-0.0013544655622689194,0.0009822471494163735,-1.378945780676186,0.1679114715127481,7703,2374,3725,-0.0011510800194705212,0.2711930416720758,0.0,0.0,72,event_fe_peer_industry_week_fe
peer_car_m1_p1_mm,specz_ai_active,-0.0010886237803483902,0.0011498421206405146,-0.9467593513985877,0.3437614192576892,7703,2374,3725,-0.0010007176260371825,0.2711930416720758,0.0,0.0,72,event_fe
peer_car_m1_p1_mm,specz_ai_active,-0.0010886237803483902,0.0011498421206405146,-0.9467593513985877,0.3437614192576892,7703,2374,3725,-0.0010007176260371825,0.2711930416720758,0.0,0.0,72,event_fe_peer_industry_week_fe
peer_car_0_p1_mm,specz_ai_active,0.0003180975912090314,0.0009762084590457781,0.32585006640893555,0.744537796659104,7709,2378,3690,-0.0008953347772503588,0.26890647295369047,0.0,0.0,73,event_fe
peer_car_0_p1_mm,specz_ai_active,0.0003180975912090311,0.0009762084590457781,0.3258500664089352,0.7445377966591042,7709,2378,3690,-0.0008953347772503588,0.26890647295369047,0.0,0.0,73,event_fe_peer_industry_week_fe
peer_car_m1_p1_mm,specz_ai_active,-0.00010214463316783369,0.0011452100678038203,-0.08919292280037092,0.9289285897491035,7709,2378,3690,-0.0008437893996712708,0.26890647295369047,0.0,0.0,73,event_fe
peer_car_m1_p1_mm,specz_ai_active,-0.00010214463316783369,0.0011452100678038203,-0.08919292280037092,0.9289285897491035,7709,2378,3690,-0.0008437893996712708,0.26890647295369047,0.0,0.0,73,event_fe_peer_industry_week_fe
peer_car_0_p1_mm,specz_ai_active,-0.0007029744554605228,0.0010007328446918775,-0.702459661626242,0.48239254958057076,7680,2372,3635,-0.0007682897928015883,0.2701822916666667,0.0,0.0,74,event_fe
peer_car_0_p1_mm,specz_ai_active,-0.000702974455460523,0.0010007328446918777,-0.7024596616262421,0.48239254958057076,7680,2372,3635,-0.0007682897928015883,0.2701822916666667,0.0,0.0,74,event_fe_peer_industry_week_fe
peer_car_m1_p1_mm,specz_ai_active,0.00029358693846741633,0.0012056618762127933,0.24350686063793203,0.8076127710167769,7680,2372,3635,-0.0007923681177251598,0.2701822916666667,0.0,0.0,74,event_fe
peer_car_m1_p1_mm,specz_ai_active,0.0002935869384674164,0.0012056618762127935,0.24350686063793203,0.8076127710167769,7680,2372,3635,-0.0007923681177251598,0.2701822916666667,0.0,0.0,74,event_fe_peer_industry_week_fe
peer_car_0_p1_mm,specz_ai_active,0.0011953137592998148,0.0008993065459387248,1.3291505156921861,0.18379831704308525,7745,2380,3706,-0.00110187348223735,0.2800516462233699,0.0,0.0,75,event_fe
peer_car_0_p1_mm,specz_ai_active,0.0011953137592998148,0.0008993065459387248,1.3291505156921861,0.18379831704308525,7745,2380,3706,-0.00110187348223735,0.2800516462233699,0.0,0.0,75,event_fe_peer_industry_week_fe
peer_car_m1_p1_mm,specz_ai_active,-3.443283635304971e-05,0.0010905249739209166,-0.03157455095159217,0.9748113386664723,7745,2380,3706,-0.0014446527325994703,0.2800516462233699,0.0,0.0,75,event_fe
peer_car_m1_p1_mm,specz_ai_active,-3.443283635304957e-05,0.0010905249739209166,-0.03157455095159205,0.9748113386664723,7745,2380,3706,-0.0014446527325994703,0.2800516462233699,0.0,0.0,75,event_fe_peer_industry_week_fe
peer_car_0_p1_mm,specz_ai_active,0.0008791647942600565,0.0009035815562871229,0.9729777994502272,0.33056433599490065,7769,2376,3723,-0.001411325237640071,0.27648345990474965,0.0,0.0,76,event_fe
peer_car_0_p1_mm,specz_ai_active,0.0008791647942600566,0.0009035815562871229,0.9729777994502273,0.33056433599490065,7769,2376,3723,-0.001411325237640071,0.27648345990474965,0.0,0.0,76,event_fe_peer_industry_week_fe
peer_car_m1_p1_mm,specz_ai_active,0.00028601945656886576,0.0010888683933904964,0.26267587369146067,0.7928004139484801,7769,2376,3723,-0.001140141448323329,0.27648345990474965,0.0,0.0,76,event_fe
peer_car_m1_p1_mm,specz_ai_active,0.00028601945656886576,0.0010888683933904964,0.26267587369146067,0.7928004139484801,7769,2376,3723,-0.001140141448323329,0.27648345990474965,0.0,0.0,76,event_fe_peer_industry_week_fe
peer_car_0_p1_mm,specz_ai_active,0.0007822021707577522,0.0008981103302032884,0.8709421821043967,0.3837857232281816,7736,2378,3668,-0.001153732402649325,0.2775336091003102,0.0,0.0,77,event_fe
peer_car_0_p1_mm,specz_ai_active,0.0007822021707577522,0.0008981103302032884,0.8709421821043967,0.3837857232281816,7736,2378,3668,-0.001153732402649325,0.2775336091003102,0.0,0.0,77,event_fe_peer_industry_week_fe
peer_car_m1_p1_mm,specz_ai_active,0.0001005903840215354,0.001076960511221002,0.09340210989490341,0.9255841143935186,7736,2378,3668,-0.0015141312482104636,0.2775336091003102,0.0,0.0,77,event_fe
peer_car_m1_p1_mm,specz_ai_active,0.00010059038402153545,0.001076960511221002,0.09340210989490347,0.9255841143935186,7736,2378,3668,-0.0015141312482104636,0.2775336091003102,0.0,0.0,77,event_fe_peer_industry_week_fe
peer_car_0_p1_mm,specz_ai_active,0.0010755177040499089,0.0008943104148681654,1.2026223626261314,0.22912248987324757,7735,2381,3672,-0.0006357819098369966,0.27239819004524884,0.0,0.0,78,event_fe
peer_car_0_p1_mm,specz_ai_active,0.0010755177040499089,0.0008943104148681654,1.2026223626261314,0.22912248987324757,7735,2381,3672,-0.0006357819098369966,0.27239819004524884,0.0,0.0,78,event_fe_peer_industry_week_fe
peer_car_m1_p1_mm,specz_ai_active,0.0017918718594904662,0.0011275895602596991,1.5891171066516205,0.11203395635336011,7735,2381,3672,-0.0006829210385140783,0.27239819004524884,0.0,0.0,78,event_fe
peer_car_m1_p1_mm,specz_ai_active,0.0017918718594904662,0.0011275895602596991,1.5891171066516205,0.11203395635336011,7735,2381,3672,-0.0006829210385140783,0.27239819004524884,0.0,0.0,78,event_fe_peer_industry_week_fe
peer_car_0_p1_mm,specz_ai_active,-0.00030169210022344835,0.0009731995675558927,-0.3100002407328665,0.7565607732900077,7642,2373,3616,-0.0004199328230951067,0.27244176917037427,0.0,0.0,79,event_fe
peer_car_0_p1_mm,specz_ai_active,-0.00030169210022344835,0.0009731995675558927,-0.3100002407328665,0.7565607732900077,7642,2373,3616,-0.0004199328230951067,0.27244176917037427,0.0,0.0,79,event_fe_peer_industry_week_fe
peer_car_m1_p1_mm,specz_ai_active,-0.0004888562594302469,0.0011109799603066645,-0.4400225718700701,0.6599207592793428,7642,2373,3616,-0.000629938036742042,0.27244176917037427,0.0,0.0,79,event_fe
peer_car_m1_p1_mm,specz_ai_active,-0.0004888562594302468,0.0011109799603066645,-0.44002257187007,0.6599207592793428,7642,2373,3616,-0.000629938036742042,0.27244176917037427,0.0,0.0,79,event_fe_peer_industry_week_fe
peer_car_0_p1_mm,specz_ai_active,0.0007984927283046031,0.0009264491041262106,0.8618851534836436,0.3887507196298703,7702,2373,3678,-0.0012109498473606055,0.2814853284861075,0.0,0.0,80,event_fe
peer_car_0_p1_mm,specz_ai_active,0.0007984927283046031,0.0009264491041262106,0.8618851534836436,0.3887507196298703,7702,2373,3678,-0.0012109498473606055,0.2814853284861075,0.0,0.0,80,event_fe_peer_industry_week_fe
peer_car_m1_p1_mm,specz_ai_active,0.000324108928974792,0.0011412424209702103,0.283996566390562,0.7764130119824908,7702,2373,3678,-0.0015082154926209638,0.2814853284861075,0.0,0.0,80,event_fe
peer_car_m1_p1_mm,specz_ai_active,0.0003241089289747919,0.0011412424209702103,0.28399656639056187,0.776413011982491,7702,2373,3678,-0.0015082154926209638,0.2814853284861075,0.0,0.0,80,event_fe_peer_industry_week_fe
peer_car_0_p1_mm,specz_ai_active,0.0018225524916181423,0.0008915552393228516,2.0442395616477964,0.040929886657969705,7686,2372,3628,-0.001247457714102177,0.2792089513400989,0.0,0.0,81,event_fe
peer_car_0_p1_mm,specz_ai_active,0.0018225524916181427,0.0008915552393228516,2.044239561647797,0.040929886657969705,7686,2372,3628,-0.001247457714102177,0.2792089513400989,0.0,0.0,81,event_fe_peer_industry_week_fe
peer_car_m1_p1_mm,specz_ai_active,0.0003724001661545079,0.0010451085242559478,0.3563267904829631,0.721595848361682,7686,2372,3628,-0.0014270140761772471,0.2792089513400989,0.0,0.0,81,event_fe
peer_car_m1_p1_mm,specz_ai_active,0.0003724001661545079,0.0010451085242559478,0.3563267904829631,0.721595848361682,7686,2372,3628,-0.0014270140761772471,0.2792089513400989,0.0,0.0,81,event_fe_peer_industry_week_fe
peer_car_0_p1_mm,specz_ai_active,0.0001479518534308258,0.000909819409161142,0.16261672584808687,0.8708202169703076,7729,2376,3694,-0.0005948519507918801,0.2714452063656359,0.0,0.0,82,event_fe
peer_car_0_p1_mm,specz_ai_active,0.0001479518534308259,0.000909819409161142,0.16261672584808698,0.8708202169703076,7729,2376,3694,-0.0005948519507918801,0.2714452063656359,0.0,0.0,82,event_fe_peer_industry_week_fe
peer_car_m1_p1_mm,specz_ai_active,0.0009077854489075961,0.001118060736440376,0.8119285646303586,0.41683262274899824,7729,2376,3694,-0.0007643277191734335,0.2714452063656359,0.0,0.0,82,event_fe
peer_car_m1_p1_mm,specz_ai_active,0.0009077854489075964,0.001118060736440376,0.8119285646303588,0.41683262274899824,7729,2376,3694,-0.0007643277191734335,0.2714452063656359,0.0,0.0,82,event_fe_peer_industry_week_fe
peer_car_0_p1_mm,specz_ai_active,0.0009235938196338981,0.0008793581409823641,1.0503045080154902,0.29357813322430126,7720,2371,3683,-0.0010856815727671928,0.2727979274611399,0.0,0.0,83,event_fe
peer_car_0_p1_mm,specz_ai_active,0.0009235938196338981,0.0008793581409823641,1.0503045080154902,0.29357813322430126,7720,2371,3683,-0.0010856815727671928,0.2727979274611399,0.0,0.0,83,event_fe_peer_industry_week_fe
peer_car_m1_p1_mm,specz_ai_active,0.0008799716771030313,0.001058319064092638,0.8314805118411858,0.40570223299797536,7720,2371,3683,-0.001395484432542153,0.2727979274611399,0.0,0.0,83,event_fe
peer_car_m1_p1_mm,specz_ai_active,0.0008799716771030313,0.001058319064092638,0.8314805118411858,0.40570223299797536,7720,2371,3683,-0.001395484432542153,0.2727979274611399,0.0,0.0,83,event_fe_peer_industry_week_fe
peer_car_0_p1_mm,specz_ai_active,0.00033527436636036835,0.0008883217043842391,0.37742449014320956,0.7058581698347601,7683,2382,3676,-0.0004856980605665062,0.27710529740986595,0.0,0.0,84,event_fe
peer_car_0_p1_mm,specz_ai_active,0.00033527436636036857,0.0008883217043842392,0.3774244901432098,0.7058581698347601,7683,2382,3676,-0.0004856980605665062,0.27710529740986595,0.0,0.0,84,event_fe_peer_industry_week_fe
peer_car_m1_p1_mm,specz_ai_active,-0.0006329915229012149,0.0011308139601388016,-0.5597662791707297,0.5756388671388053,7683,2382,3676,-0.0004970078913169031,0.27710529740986595,0.0,0.0,84,event_fe
peer_car_m1_p1_mm,specz_ai_active,-0.0006329915229012149,0.001130813960138802,-0.5597662791707295,0.5756388671388055,7683,2382,3676,-0.0004970078913169031,0.27710529740986595,0.0,0.0,84,event_fe_peer_industry_week_fe
peer_car_0_p1_mm,specz_ai_active,0.00018591716603582107,0.0008876220420727774,0.20945532808273531,0.8340928049104646,7709,2371,3646,-0.0008977982983031707,0.27318718381112983,0.0,0.0,85,event_fe
peer_car_0_p1_mm,specz_ai_active,0.00018591716603582107,0.0008876220420727771,0.20945532808273537,0.8340928049104643,7709,2371,3646,-0.0008977982983031707,0.27318718381112983,0.0,0.0,85,event_fe_peer_industry_week_fe
peer_car_m1_p1_mm,specz_ai_active,5.349167669533301e-05,0.001032342195652694,0.05181583870212059,0.9586754350456017,7709,2371,3646,-0.001110074953197436,0.27318718381112983,0.0,0.0,85,event_fe
peer_car_m1_p1_mm,specz_ai_active,5.349167669533301e-05,0.001032342195652694,0.05181583870212059,0.9586754350456017,7709,2371,3646,-0.001110074953197436,0.27318718381112983,0.0,0.0,85,event_fe_peer_industry_week_fe
peer_car_0_p1_mm,specz_ai_active,-0.0014798858280070206,0.0009668439669823115,-1.5306356336131488,0.12585946984154806,7723,2372,3691,-0.0006676233872165414,0.26945487504855625,0.0,0.0,86,event_fe
peer_car_0_p1_mm,specz_ai_active,-0.0014798858280070206,0.0009668439669823115,-1.5306356336131488,0.12585946984154806,7723,2372,3691,-0.0006676233872165414,0.26945487504855625,0.0,0.0,86,event_fe_peer_industry_week_fe
peer_car_m1_p1_mm,specz_ai_active,-0.0021180714841101582,0.0011171188556502404,-1.8960126520085405,0.057958371549142296,7723,2372,3691,-0.0006566855194212712,0.26945487504855625,0.0,0.0,86,event_fe
peer_car_m1_p1_mm,specz_ai_active,-0.0021180714841101582,0.0011171188556502404,-1.8960126520085405,0.057958371549142296,7723,2372,3691,-0.0006566855194212712,0.26945487504855625,0.0,0.0,86,event_fe_peer_industry_week_fe
peer_car_0_p1_mm,specz_ai_active,8.809693326529536e-05,0.0008477058856946255,0.10392393724281758,0.9172297107877294,7796,2376,3660,-0.000988879344415188,0.2789892252437147,0.0,0.0,87,event_fe
peer_car_0_p1_mm,specz_ai_active,8.809693326529525e-05,0.0008477058856946255,0.10392393724281745,0.9172297107877294,7796,2376,3660,-0.000988879344415188,0.2789892252437147,0.0,0.0,87,event_fe_peer_industry_week_fe
peer_car_m1_p1_mm,specz_ai_active,-0.00033465632862413064,0.0009942374110112992,-0.3365959929869581,0.7364214772566473,7796,2376,3660,-0.001292010237228553,0.2789892252437147,0.0,0.0,87,event_fe
peer_car_m1_p1_mm,specz_ai_active,-0.00033465632862413074,0.0009942374110112992,-0.3365959929869582,0.7364214772566471,7796,2376,3660,-0.001292010237228553,0.2789892252437147,0.0,0.0,87,event_fe_peer_industry_week_fe
peer_car_0_p1_mm,specz_ai_active,-0.0008456155265313415,0.0009237907205483896,-0.9153756448531536,0.35999445970737387,7718,2373,3678,-0.0008884657034768066,0.2715729463591604,0.0,0.0,88,event_fe
peer_car_0_p1_mm,specz_ai_active,-0.0008456155265313413,0.0009237907205483896,-0.9153756448531534,0.35999445970737387,7718,2373,3678,-0.0008884657034768066,0.2715729463591604,0.0,0.0,88,event_fe_peer_industry_week_fe
peer_car_m1_p1_mm,specz_ai_active,-0.0008522585486315952,0.0010624287514688251,-0.8021794849333038,0.422449141640288,7718,2373,3678,-0.001051216434976446,0.2715729463591604,0.0,0.0,88,event_fe
peer_car_m1_p1_mm,specz_ai_active,-0.0008522585486315956,0.0010624287514688251,-0.8021794849333043,0.4224491416402878,7718,2373,3678,-0.001051216434976446,0.2715729463591604,0.0,0.0,88,event_fe_peer_industry_week_fe
peer_car_0_p1_mm,specz_ai_active,-0.0015862308396297222,0.0009178501962075035,-1.7282023212327278,0.08395195772948538,7715,2371,3699,-0.0014927338567633874,0.2767336357744653,0.0,0.0,89,event_fe
peer_car_0_p1_mm,specz_ai_active,-0.0015862308396297222,0.0009178501962075036,-1.7282023212327275,0.08395195772948538,7715,2371,3699,-0.0014927338567633874,0.2767336357744653,0.0,0.0,89,event_fe_peer_industry_week_fe
peer_car_m1_p1_mm,specz_ai_active,-0.0015390874766482109,0.001112118078240368,-1.3839245191332639,0.1663815681284211,7715,2371,3699,-0.0015660383171443042,0.2767336357744653,0.0,0.0,89,event_fe
peer_car_m1_p1_mm,specz_ai_active,-0.0015390874766482109,0.001112118078240368,-1.3839245191332639,0.1663815681284211,7715,2371,3699,-0.0015660383171443042,0.2767336357744653,0.0,0.0,89,event_fe_peer_industry_week_fe
peer_car_0_p1_mm,specz_ai_active,0.001172766881710793,0.0007747948669643316,1.5136482335069243,0.1301150808413385,7745,2369,3649,-0.0013122945777182106,0.2844415752098128,0.0,0.0,90,event_fe
peer_car_0_p1_mm,specz_ai_active,0.0011727668817107927,0.0007747948669643316,1.5136482335069241,0.13011508084133871,7745,2369,3649,-0.0013122945777182106,0.2844415752098128,0.0,0.0,90,event_fe_peer_industry_week_fe
peer_car_m1_p1_mm,specz_ai_active,0.0005374284624369764,0.0009835152702572965,0.5464363174517669,0.5847660514549211,7745,2369,3649,-0.0012494429423768408,0.2844415752098128,0.0,0.0,90,event_fe
peer_car_m1_p1_mm,specz_ai_active,0.000537428462436976,0.0009835152702572965,0.5464363174517666,0.5847660514549213,7745,2369,3649,-0.0012494429423768408,0.2844415752098128,0.0,0.0,90,event_fe_peer_industry_week_fe
peer_car_0_p1_mm,specz_ai_active,-0.0021333999147199207,0.0009825131095147215,-2.1713704316613547,0.0299031821614808,7620,2376,3660,-0.0010780081817615918,0.2723097112860892,0.0,0.0,91,event_fe
peer_car_0_p1_mm,specz_ai_active,-0.0021333999147199203,0.0009825131095147215,-2.1713704316613542,0.029903182161481023,7620,2376,3660,-0.0010780081817615918,0.2723097112860892,0.0,0.0,91,event_fe_peer_industry_week_fe
peer_car_m1_p1_mm,specz_ai_active,-0.002809278411748911,0.0011962042364065798,-2.348493949651973,0.018849505436554725,7620,2376,3660,-0.0012602546591309431,0.2723097112860892,0.0,0.0,91,event_fe
peer_car_m1_p1_mm,specz_ai_active,-0.0028092784117489116,0.0011962042364065798,-2.3484939496519734,0.018849505436554725,7620,2376,3660,-0.0012602546591309431,0.2723097112860892,0.0,0.0,91,event_fe_peer_industry_week_fe
peer_car_0_p1_mm,specz_ai_active,0.0006844698285176152,0.0010035930928528373,0.6820192699532489,0.49522676608823035,7761,2372,3671,-0.0006660339759006149,0.27483571704677234,0.0,0.0,92,event_fe
peer_car_0_p1_mm,specz_ai_active,0.0006844698285176153,0.0010035930928528373,0.682019269953249,0.49522676608823013,7761,2372,3671,-0.0006660339759006149,0.27483571704677234,0.0,0.0,92,event_fe_peer_industry_week_fe
peer_car_m1_p1_mm,specz_ai_active,0.0015187538982177748,0.0010923042553622367,1.3904128733016023,0.16440353955991815,7761,2372,3671,-0.0006457363608145869,0.27483571704677234,0.0,0.0,92,event_fe
peer_car_m1_p1_mm,specz_ai_active,0.0015187538982177743,0.0010923042553622367,1.3904128733016021,0.16440353955991815,7761,2372,3671,-0.0006457363608145869,0.27483571704677234,0.0,0.0,92,event_fe_peer_industry_week_fe
peer_car_0_p1_mm,specz_ai_active,-0.0016106703367602575,0.0008154215745888288,-1.975260879714187,0.04823855027071633,7784,2380,3722,-0.000680863222115664,0.27312435765673176,0.0,0.0,93,event_fe
peer_car_0_p1_mm,specz_ai_active,-0.0016106703367602577,0.0008154215745888288,-1.9752608797141873,0.04823855027071611,7784,2380,3722,-0.000680863222115664,0.27312435765673176,0.0,0.0,93,event_fe_peer_industry_week_fe
peer_car_m1_p1_mm,specz_ai_active,-0.0009162068173039683,0.0009965718412106798,-0.9193585243096168,0.3579080757617876,7784,2380,3722,-0.0008475993917228087,0.27312435765673176,0.0,0.0,93,event_fe
peer_car_m1_p1_mm,specz_ai_active,-0.0009162068173039685,0.0009965718412106798,-0.919358524309617,0.3579080757617876,7784,2380,3722,-0.0008475993917228087,0.27312435765673176,0.0,0.0,93,event_fe_peer_industry_week_fe
peer_car_0_p1_mm,specz_ai_active,0.0015024409220405416,0.0009244650228253348,1.6252003969266533,0.10411986589946332,7626,2379,3633,-0.0009995351457338232,0.27327563598216625,0.0,0.0,94,event_fe
peer_car_0_p1_mm,specz_ai_active,0.0015024409220405416,0.0009244650228253349,1.625200396926653,0.10411986589946332,7626,2379,3633,-0.0009995351457338232,0.27327563598216625,0.0,0.0,94,event_fe_peer_industry_week_fe
peer_car_m1_p1_mm,specz_ai_active,0.0006599142496996652,0.0011391699359938566,0.5792939480306158,0.5623908483882838,7626,2379,3633,-0.0008265591766252562,0.27327563598216625,0.0,0.0,94,event_fe
peer_car_m1_p1_mm,specz_ai_active,0.000659914249699665,0.0011391699359938566,0.5792939480306156,0.5623908483882838,7626,2379,3633,-0.0008265591766252562,0.27327563598216625,0.0,0.0,94,event_fe_peer_industry_week_fe
peer_car_0_p1_mm,specz_ai_active,0.00015154939972975638,0.0010508479426152395,0.14421629770011846,0.8853296717740291,7789,2377,3649,-0.000834535096331316,0.27564514058287326,0.0,0.0,95,event_fe
peer_car_0_p1_mm,specz_ai_active,0.00015154939972975647,0.0010508479426152395,0.14421629770011854,0.8853296717740289,7789,2377,3649,-0.000834535096331316,0.27564514058287326,0.0,0.0,95,event_fe_peer_industry_week_fe
peer_car_m1_p1_mm,specz_ai_active,0.00026340851308802055,0.0011872939125910091,0.22185619777430604,0.824425829881763,7789,2377,3649,-0.0007226337043151323,0.27564514058287326,0.0,0.0,95,event_fe
peer_car_m1_p1_mm,specz_ai_active,0.00026340851308802034,0.0011872939125910091,0.22185619777430587,0.824425829881763,7789,2377,3649,-0.0007226337043151323,0.27564514058287326,0.0,0.0,95,event_fe_peer_industry_week_fe
peer_car_0_p1_mm,specz_ai_active,0.0001391575306495542,0.0009155799613866355,0.1519883969924393,0.8791960871887314,7770,2376,3669,-0.0003423313835061565,0.2806949806949807,0.0,0.0,96,event_fe
peer_car_0_p1_mm,specz_ai_active,0.00013915753064955413,0.0009155799613866355,0.15198839699243924,0.8791960871887314,7770,2376,3669,-0.0003423313835061565,0.2806949806949807,0.0,0.0,96,event_fe_peer_industry_week_fe
peer_car_m1_p1_mm,specz_ai_active,0.0003288721172344549,0.0010519457990037508,0.31263218841304796,0.7545601202867782,7770,2376,3669,-0.00018649969135410503,0.2806949806949807,0.0,0.0,96,event_fe
peer_car_m1_p1_mm,specz_ai_active,0.000328872117234455,0.0010519457990037506,0.31263218841304813,0.7545601202867782,7770,2376,3669,-0.00018649969135410503,0.2806949806949807,0.0,0.0,96,event_fe_peer_industry_week_fe
peer_car_0_p1_mm,specz_ai_active,-0.0003325421607351878,0.0008150600528022067,-0.4079971280544244,0.6832757833812955,7798,2379,3687,-0.0014847926140321174,0.2764811490125673,0.0,0.0,97,event_fe
peer_car_0_p1_mm,specz_ai_active,-0.0003325421607351878,0.0008150600528022067,-0.4079971280544244,0.6832757833812955,7798,2379,3687,-0.0014847926140321174,0.2764811490125673,0.0,0.0,97,event_fe_peer_industry_week_fe
peer_car_m1_p1_mm,specz_ai_active,-0.0005146729402596314,0.0010025749787331674,-0.5133510721661548,0.60770576448261,7798,2379,3687,-0.0012915541054446364,0.2764811490125673,0.0,0.0,97,event_fe
peer_car_m1_p1_mm,specz_ai_active,-0.0005146729402596314,0.0010025749787331674,-0.5133510721661548,0.60770576448261,7798,2379,3687,-0.0012915541054446364,0.2764811490125673,0.0,0.0,97,event_fe_peer_industry_week_fe
peer_car_0_p1_mm,specz_ai_active,-0.0010479406254682681,0.0008934111716627099,-1.172965660948661,0.24080957645377055,7706,2379,3680,-0.0010429015862086566,0.27524007267064626,0.0,0.0,98,event_fe
peer_car_0_p1_mm,specz_ai_active,-0.0010479406254682681,0.0008934111716627099,-1.172965660948661,0.24080957645377055,7706,2379,3680,-0.0010429015862086566,0.27524007267064626,0.0,0.0,98,event_fe_peer_industry_week_fe
peer_car_m1_p1_mm,specz_ai_active,-0.0006656169069084922,0.0010719074388605438,-0.6209649105673289,0.534622710856187,7706,2379,3680,-0.0009057554418982997,0.27524007267064626,0.0,0.0,98,event_fe
peer_car_m1_p1_mm,specz_ai_active,-0.0006656169069084919,0.0010719074388605438,-0.6209649105673287,0.5346227108561872,7706,2379,3680,-0.0009057554418982997,0.27524007267064626,0.0,0.0,98,event_fe_peer_industry_week_fe
peer_car_0_p1_mm,specz_ai_active,-0.0005124015968661777,0.000828367892823138,-0.6185676693961131,0.5362012059753645,7718,2374,3678,-0.0011691116526625896,0.2750712619849702,0.0,0.0,99,event_fe
peer_car_0_p1_mm,specz_ai_active,-0.0005124015968661775,0.0008283678928231379,-0.618567669396113,0.5362012059753645,7718,2374,3678,-0.0011691116526625896,0.2750712619849702,0.0,0.0,99,event_fe_peer_industry_week_fe
peer_car_m1_p1_mm,specz_ai_active,0.0001659403460103696,0.0010989717347078428,0.15099600905976365,0.8799788641120938,7718,2374,3678,-0.0012655866267535449,0.2750712619849702,0.0,0.0,99,event_fe
peer_car_m1_p1_mm,specz_ai_active,0.00016594034601036947,0.0010989717347078428,0.15099600905976354,0.8799788641120938,7718,2374,3678,-0.0012655866267535449,0.2750712619849702,0.0,0.0,99,event_fe_peer_industry_week_fe
peer_car_0_p1_mm,specz_ai_active,-0.00013657100821092396,0.0008879591199764377,-0.15380326091425012,0.8777648625954177,7679,2369,3679,-0.000842081271166319,0.27360333376741763,0.0,0.0,100,event_fe
peer_car_0_p1_mm,specz_ai_active,-0.00013657100821092415,0.0008879591199764377,-0.1538032609142503,0.8777648625954175,7679,2369,3679,-0.000842081271166319,0.27360333376741763,0.0,0.0,100,event_fe_peer_industry_week_fe
peer_car_m1_p1_mm,specz_ai_active,-0.0005390564923229113,0.0010487526024224563,-0.5139977637030642,0.6072535541756556,7679,2369,3679,-0.0007916906768267044,0.27360333376741763,0.0,0.0,100,event_fe
peer_car_m1_p1_mm,specz_ai_active,-0.0005390564923229116,0.0010487526024224563,-0.5139977637030645,0.6072535541756554,7679,2369,3679,-0.0007916906768267044,0.27360333376741763,0.0,0.0,100,event_fe_peer_industry_week_fe
