draw,obs,events,peer_firms,mean_ai_active,mean_car_0_p1_mm,mean_car_m1_p1_mm
1,7692,2365,3665,0.27236089443577743,-0.0009866622295804136,-0.0010234163482172286
2,7727,2368,3700,0.26776239161382165,-0.0009702664568277481,-0.0008660474222475437
3,7798,2371,3640,0.27840471915875864,-0.0009121677555489826,-0.0007618767220207772
4,7712,2373,3671,0.27852697095435686,-0.0008469741687344102,-0.0013944147855357713
5,7714,2373,3637,0.2669172932330827,-0.0011088314649313875,-0.001028174114908699
6,7732,2372,3680,0.27405587170201756,-0.0010314892919306635,-0.001222025601774228
7,7762,2371,3664,0.27750579747487764,-0.0008284961099890634,-0.0009527949560845477
8,7753,2375,3658,0.28208435444344127,-0.000469612308523101,8.51694603765e-06
9,7753,2369,3685,0.2708628917838256,-0.0009891315648657452,-0.000530164714758117
10,7653,2371,3698,0.27257284724944464,-0.0008818434266742945,-0.0011865493065505881
11,7701,2380,3640,0.2707440592130892,-0.0006312394407459453,-0.0006130157653020486
12,7680,2374,3725,0.2721354166666667,-0.0010679116075877554,-0.0010540949458419505
13,7746,2367,3705,0.27356054737929253,-0.0007779535830746766,-0.0010058332925944147
14,7663,2374,3692,0.26673626517029886,-0.0008305866240119612,-0.001561203329008705
15,7766,2374,3690,0.27427246973989183,-0.0008269453369455654,-0.0012606301496798345
16,7677,2370,3672,0.2751074638530676,-0.0008372088093805227,-0.0008384002267405341
17,7759,2368,3721,0.27348885165614123,-0.0011384054250326416,-0.0013431580611482587
18,7719,2365,3680,0.27814483741417284,-0.0009211203257054759,-0.0009773192759521539
19,7786,2371,3688,0.2752376059594143,-0.0007463965518619075,-0.000175335247872276
20,7694,2375,3652,0.26995061086560956,-0.0009600731552086969,-0.0009860244642465059
21,7699,2365,3636,0.272502922457462,-0.00020700853542992057,-0.0002576134552476233
22,7701,2370,3643,0.2789248149590962,-0.0010064665551858146,-0.001401349817579517
23,7726,2373,3698,0.28035205798602125,-0.0005428244260391623,-0.0009225149162239022
24,7807,2379,3707,0.27142308184962216,-0.0009595690656860504,-0.0006864572605348774
25,7740,2381,3677,0.27364341085271315,-0.0009036168181930713,-0.0006537403928767778
26,7713,2367,3709,0.2670815506288085,-0.00010725136896497563,-0.0002043313208002989
27,7776,2374,3705,0.2725051440329218,-0.00030966313400023615,-0.0005137784348982887
28,7770,2373,3688,0.2797940797940798,-0.0003938916644181293,-0.0004252095407987352
29,7721,2372,3657,0.2772956870871649,-0.00043701628139668734,-0.00045426141063545296
30,7703,2371,3675,0.2792418538231858,-0.0010313645337021392,-0.001086110548237127
31,7737,2371,3680,0.270259790616518,-0.0007861464817040696,-0.0013110691412872176
32,7734,2361,3699,0.2765709852598914,-0.00035436912262536813,-0.00023389434782430704
33,7801,2372,3678,0.26958082297141395,-0.0005585797173128958,-0.0006619779618654184
34,7746,2372,3713,0.2686547895688097,-0.0013444512122483096,-0.0014922210375198479
35,7717,2375,3625,0.2766619152520409,-0.0010856134571453108,-0.0013915369614179893
36,7728,2375,3671,0.2741977225672878,-0.000802142022895291,-0.0010247605145629506
37,7766,2367,3706,0.2746587689930466,-0.0012317072832290189,-0.0010971479671036204
38,7667,2378,3683,0.2772922916394939,-0.0012341612521562088,-0.0012765984954383343
39,7673,2373,3679,0.26339111169034274,-0.0005003423474540612,-0.0008531060022003083
40,7766,2368,3691,0.2759464331702292,-0.0007357570478749927,-0.0009250567996852272
41,7755,2377,3648,0.27775628626692456,-0.0007756202265401382,-0.0008158112540302638
42,7693,2381,3674,0.2721955024047836,-0.001318843504839549,-0.0013319258314994753
43,7732,2374,3697,0.26939989653388513,-0.0008386189208818601,-0.001041659037691473
44,7658,2377,3688,0.2743536171324106,-0.0007817098663353403,-0.0013406412105209302
45,7717,2372,3701,0.27251522612414153,-0.001120644756516742,-0.0008777357405869605
46,7601,2366,3647,0.26878042362846993,-0.0010173170794219115,-0.0011019791844095997
47,7725,2368,3678,0.2796116504854369,-0.00030300348820800206,-0.0005004606701497664
48,7721,2367,3698,0.26913612226395545,-0.0011255174724097618,-0.0010793810463645196
49,7770,2367,3712,0.27696267696267696,-0.0009058011567282701,-0.0011118267795457858
50,7712,2371,3660,0.2773599585062241,-0.0007508483838730223,-0.0009576775928297714
51,7676,2380,3683,0.272146951537259,-0.0006430405573419019,-0.0007376595751523102
52,7737,2379,3692,0.26845030373529793,-0.00020828051105023425,-0.0004117365544798682
53,7690,2367,3661,0.26814044213263977,-0.0006933153092446804,-0.000510211815895106
54,7698,2371,3707,0.2730579371265264,-0.0002568978389180571,-0.0005129823324903484
55,7682,2372,3696,0.271674043217912,-0.0005348992821249057,-0.0009202266604916841
56,7585,2375,3662,0.2706657877389585,-0.001201338900248277,-0.0014968386785848223
57,7704,2369,3709,0.2749221183800623,-0.0008429816260737895,-0.0010668561647195335
58,7783,2373,3728,0.27534369780290374,-0.0005189446171023033,-0.0008017796027441126
59,7734,2370,3683,0.28316524437548485,-0.0007319005546650046,-0.0006022361675767368
60,7718,2383,3639,0.27325732054936513,-0.0004973515068512304,-0.0011215843113264266
61,7638,2368,3715,0.27625032731081434,-0.0009945347369069992,-0.0010875976205649831
62,7794,2376,3659,0.2729022324865281,-0.0012439454063969287,-0.001173959322817065
63,7773,2385,3677,0.27299626913675545,-0.0005631026667660448,-0.0009966964723833482
64,7663,2383,3688,0.27313062769150465,-0.0008393730705625475,-0.0011072304535354955
65,7741,2369,3673,0.2743831546311846,-0.000570566760254369,-0.0006807703579606282
66,7786,2378,3707,0.27754944772668894,-0.0013349533801747609,-0.001250725092691043
67,7749,2366,3694,0.266615047102852,-0.0009216795564655017,-0.000969949385435556
68,7731,2374,3664,0.28004139179924975,-0.00036271893058696414,-0.00035037409333695083
69,7763,2374,3697,0.27579543990725236,-0.0006159290780080817,-0.0008044378662636549
70,7738,2376,3654,0.27513569397777204,-0.00038346064244830367,-0.00022161165984727516
71,7736,2380,3703,0.2711995863495346,-0.0014710947594722037,-0.001301772786045715
72,7703,2374,3725,0.2711930416720758,-0.0011510800194705212,-0.0010007176260371825
73,7709,2378,3690,0.26890647295369047,-0.0008953347772503588,-0.0008437893996712708
74,7680,2372,3635,0.2701822916666667,-0.0007682897928015883,-0.0007923681177251598
75,7745,2380,3706,0.2800516462233699,-0.00110187348223735,-0.0014446527325994703
76,7769,2376,3723,0.27648345990474965,-0.001411325237640071,-0.001140141448323329
77,7736,2378,3668,0.2775336091003102,-0.001153732402649325,-0.0015141312482104636
78,7735,2381,3672,0.27239819004524884,-0.0006357819098369966,-0.0006829210385140783
79,7642,2373,3616,0.27244176917037427,-0.0004199328230951067,-0.000629938036742042
80,7702,2373,3678,0.2814853284861075,-0.0012109498473606055,-0.0015082154926209638
81,7686,2372,3628,0.2792089513400989,-0.001247457714102177,-0.0014270140761772471
82,7729,2376,3694,0.2714452063656359,-0.0005948519507918801,-0.0007643277191734335
83,7720,2371,3683,0.2727979274611399,-0.0010856815727671928,-0.001395484432542153
84,7683,2382,3676,0.27710529740986595,-0.0004856980605665062,-0.0004970078913169031
85,7709,2371,3646,0.27318718381112983,-0.0008977982983031707,-0.001110074953197436
86,7723,2372,3691,0.26945487504855625,-0.0006676233872165414,-0.0006566855194212712
87,7796,2376,3660,0.2789892252437147,-0.000988879344415188,-0.001292010237228553
88,7718,2373,3678,0.2715729463591604,-0.0008884657034768066,-0.001051216434976446
89,7715,2371,3699,0.2767336357744653,-0.0014927338567633874,-0.0015660383171443042
90,7745,2369,3649,0.2844415752098128,-0.0013122945777182106,-0.0012494429423768408
91,7620,2376,3660,0.2723097112860892,-0.0010780081817615918,-0.0012602546591309431
92,7761,2372,3671,0.27483571704677234,-0.0006660339759006149,-0.0006457363608145869
93,7784,2380,3722,0.27312435765673176,-0.000680863222115664,-0.0008475993917228087
94,7626,2379,3633,0.27327563598216625,-0.0009995351457338232,-0.0008265591766252562
95,7789,2377,3649,0.27564514058287326,-0.000834535096331316,-0.0007226337043151323
96,7770,2376,3669,0.2806949806949807,-0.0003423313835061565,-0.00018649969135410503
97,7798,2379,3687,0.2764811490125673,-0.0014847926140321174,-0.0012915541054446364
98,7706,2379,3680,0.27524007267064626,-0.0010429015862086566,-0.0009057554418982997
99,7718,2374,3678,0.2750712619849702,-0.0011691116526625896,-0.0012655866267535449
100,7679,2369,3679,0.27360333376741763,-0.000842081271166319,-0.0007916906768267044
