outcome,term,coef,se,z,p,nobs,events,peer_firms,mean_y,mean_ai_active,peer_cleaning_ann_rate,focal_cleaning_ann_rate,peer_group,top_n,sample,fe_spec,model
peer_car_0_p1_mm,ai_active_peer_tminus5,-0.0026066653660488277,0.0008948392243622077,-2.912998553350984,0.003579762597341718,11273,2645,3973,-3.444335817258166e-05,0.25751796327508203,0.17306839350660871,0.08054643839261953,ai_stripped_top_peers,5,base_no_announcement_filter,event_fe,M1_specz_x_ai_active
peer_car_0_p1_mm,specz_ai_active,-0.0017838219547490009,0.0007289734881983449,-2.4470326886067006,0.014403777484436109,11273,2645,3973,-3.444335817258166e-05,0.25751796327508203,0.17306839350660871,0.08054643839261953,ai_stripped_top_peers,5,base_no_announcement_filter,event_fe,M1_specz_x_ai_active
peer_car_m1_p1_mm,ai_active_peer_tminus5,-0.002440302649353931,0.001194588932213288,-2.042796968520906,0.04107254078787381,11273,2645,3973,3.668479252395786e-05,0.25751796327508203,0.17306839350660871,0.08054643839261953,ai_stripped_top_peers,5,base_no_announcement_filter,event_fe,M1_specz_x_ai_active
peer_car_m1_p1_mm,specz_ai_active,-0.0017468074610696583,0.0009512060053379273,-1.8364134070506464,0.06629653819928705,11273,2645,3973,3.668479252395786e-05,0.25751796327508203,0.17306839350660871,0.08054643839261953,ai_stripped_top_peers,5,base_no_announcement_filter,event_fe,M1_specz_x_ai_active
peer_car_0_p1_mm,ai_active_peer_tminus5,-0.001981423123915013,0.001006087995869688,-1.9694332225902573,0.048903363820478996,11273,2645,3973,-3.444335817258166e-05,0.25751796327508203,0.17306839350660871,0.08054643839261953,ai_stripped_top_peers,5,base_no_announcement_filter,event_fe_peer_industry_week_fe,M1_specz_x_ai_active
peer_car_0_p1_mm,specz_ai_active,-0.0014007054601688183,0.0008410676000183833,-1.6653898689453772,0.09583499931802897,11273,2645,3973,-3.444335817258166e-05,0.25751796327508203,0.17306839350660871,0.08054643839261953,ai_stripped_top_peers,5,base_no_announcement_filter,event_fe_peer_industry_week_fe,M1_specz_x_ai_active
peer_car_m1_p1_mm,ai_active_peer_tminus5,-0.0006633991429115886,0.0013773367038348314,-0.48165357175520573,0.6300520629737043,11273,2645,3973,3.668479252395786e-05,0.25751796327508203,0.17306839350660871,0.08054643839261953,ai_stripped_top_peers,5,base_no_announcement_filter,event_fe_peer_industry_week_fe,M1_specz_x_ai_active
peer_car_m1_p1_mm,specz_ai_active,-0.001377318603317948,0.001134058222541113,-1.2145043137483325,0.2245552035687537,11273,2645,3973,3.668479252395786e-05,0.25751796327508203,0.17306839350660871,0.08054643839261953,ai_stripped_top_peers,5,base_no_announcement_filter,event_fe_peer_industry_week_fe,M1_specz_x_ai_active
peer_car_0_p1_mm,ai_active_peer_tminus5,-0.0028771464479830358,0.0010762286359832418,-2.6733598714872295,0.007509564267956792,8655,2415,3550,-0.00023949304091868944,0.25222414789139225,0.0,0.0,ai_stripped_top_peers,5,drop_either_cleaning_ann,event_fe,M1_specz_x_ai_active
peer_car_0_p1_mm,specz_ai_active,-0.0021243659936704623,0.000832414830789743,-2.55205207198795,0.010709051214339071,8655,2415,3550,-0.00023949304091868944,0.25222414789139225,0.0,0.0,ai_stripped_top_peers,5,drop_either_cleaning_ann,event_fe,M1_specz_x_ai_active
peer_car_m1_p1_mm,ai_active_peer_tminus5,-0.002826009392539338,0.0012969784266720706,-2.1789178095973596,0.02933777448672692,8655,2415,3550,-5.9518105992253584e-05,0.25222414789139225,0.0,0.0,ai_stripped_top_peers,5,drop_either_cleaning_ann,event_fe,M1_specz_x_ai_active
peer_car_m1_p1_mm,specz_ai_active,-0.0017927936668386906,0.0009766240628892766,-1.8357049912684222,0.0664012993694878,8655,2415,3550,-5.9518105992253584e-05,0.25222414789139225,0.0,0.0,ai_stripped_top_peers,5,drop_either_cleaning_ann,event_fe,M1_specz_x_ai_active
peer_car_0_p1_mm,ai_active_peer_tminus5,-0.0024179532320626742,0.0011839407587259645,-2.0422924155974047,0.04112253398849686,8655,2415,3550,-0.00023949304091868944,0.25222414789139225,0.0,0.0,ai_stripped_top_peers,5,drop_either_cleaning_ann,event_fe_peer_industry_week_fe,M1_specz_x_ai_active
peer_car_0_p1_mm,specz_ai_active,-0.00204051695110814,0.0009563424945133455,-2.1336675540560384,0.032870003830300476,8655,2415,3550,-0.00023949304091868944,0.25222414789139225,0.0,0.0,ai_stripped_top_peers,5,drop_either_cleaning_ann,event_fe_peer_industry_week_fe,M1_specz_x_ai_active
peer_car_m1_p1_mm,ai_active_peer_tminus5,-0.001809623992368257,0.0014880775711750927,-1.2160817604012728,0.22395377793675486,8655,2415,3550,-5.9518105992253584e-05,0.25222414789139225,0.0,0.0,ai_stripped_top_peers,5,drop_either_cleaning_ann,event_fe_peer_industry_week_fe,M1_specz_x_ai_active
peer_car_m1_p1_mm,specz_ai_active,-0.0013745336434096544,0.0011291264343087893,-1.2173425416712476,0.22347391461680033,8655,2415,3550,-5.9518105992253584e-05,0.25222414789139225,0.0,0.0,ai_stripped_top_peers,5,drop_either_cleaning_ann,event_fe_peer_industry_week_fe,M1_specz_x_ai_active
peer_car_0_p1_mm,ai_active_peer_tminus5,-0.0018331671242879412,0.0006485996675209997,-2.8263460746047775,0.004708236617561923,22509,2650,4774,-0.000507331578913078,0.2621173752721134,0.17339730774356923,0.08014571948998178,ai_stripped_top_peers,10,base_no_announcement_filter,event_fe,M1_specz_x_ai_active
peer_car_0_p1_mm,specz_ai_active,-0.0009162392317249408,0.0005734843115735402,-1.597670961932579,0.11011622451010883,22509,2650,4774,-0.000507331578913078,0.2621173752721134,0.17339730774356923,0.08014571948998178,ai_stripped_top_peers,10,base_no_announcement_filter,event_fe,M1_specz_x_ai_active
peer_car_m1_p1_mm,ai_active_peer_tminus5,-0.0019910391307919216,0.0008190016543284779,-2.431056299177356,0.015054875054479444,22509,2650,4774,-0.0006027264848901041,0.2621173752721134,0.17339730774356923,0.08014571948998178,ai_stripped_top_peers,10,base_no_announcement_filter,event_fe,M1_specz_x_ai_active
peer_car_m1_p1_mm,specz_ai_active,-0.0011264554579344496,0.000714549305271741,-1.5764558857223463,0.11492077767162145,22509,2650,4774,-0.0006027264848901041,0.2621173752721134,0.17339730774356923,0.08014571948998178,ai_stripped_top_peers,10,base_no_announcement_filter,event_fe,M1_specz_x_ai_active
peer_car_0_p1_mm,ai_active_peer_tminus5,-0.0017036917137959867,0.0006702174555806883,-2.5419984209749926,0.011022067145117331,22509,2650,4774,-0.000507331578913078,0.2621173752721134,0.17339730774356923,0.08014571948998178,ai_stripped_top_peers,10,base_no_announcement_filter,event_fe_peer_industry_week_fe,M1_specz_x_ai_active
peer_car_0_p1_mm,specz_ai_active,-0.0011368535311692854,0.0006023809222860362,-1.8872668258731122,0.059124446057847724,22509,2650,4774,-0.000507331578913078,0.2621173752721134,0.17339730774356923,0.08014571948998178,ai_stripped_top_peers,10,base_no_announcement_filter,event_fe_peer_industry_week_fe,M1_specz_x_ai_active
peer_car_m1_p1_mm,ai_active_peer_tminus5,-0.0015075321556052425,0.0008731109196018014,-1.7266215800997895,0.08423564767986513,22509,2650,4774,-0.0006027264848901041,0.2621173752721134,0.17339730774356923,0.08014571948998178,ai_stripped_top_peers,10,base_no_announcement_filter,event_fe_peer_industry_week_fe,M1_specz_x_ai_active
peer_car_m1_p1_mm,specz_ai_active,-0.0013115335147101403,0.0007508756192297744,-1.7466721266772145,0.08069422801235193,22509,2650,4774,-0.0006027264848901041,0.2621173752721134,0.17339730774356923,0.08014571948998178,ai_stripped_top_peers,10,base_no_announcement_filter,event_fe_peer_industry_week_fe,M1_specz_x_ai_active
peer_car_0_p1_mm,ai_active_peer_tminus5,-0.001694072422844781,0.0007334258407390098,-2.3098073843945977,0.020898820300204957,17261,2431,4506,-0.0007270976567538258,0.2571114072185853,0.0,0.0,ai_stripped_top_peers,10,drop_either_cleaning_ann,event_fe,M1_specz_x_ai_active
peer_car_0_p1_mm,specz_ai_active,-0.0012967727803283406,0.0006252103797135936,-2.074138277938359,0.03806647050475287,17261,2431,4506,-0.0007270976567538258,0.2571114072185853,0.0,0.0,ai_stripped_top_peers,10,drop_either_cleaning_ann,event_fe,M1_specz_x_ai_active
peer_car_m1_p1_mm,ai_active_peer_tminus5,-0.0019133573682689141,0.0008906595344461176,-2.1482477807401352,0.03169407680161984,17261,2431,4506,-0.0007700806465078773,0.2571114072185853,0.0,0.0,ai_stripped_top_peers,10,drop_either_cleaning_ann,event_fe,M1_specz_x_ai_active
peer_car_m1_p1_mm,specz_ai_active,-0.0012511980595519237,0.0007496925873308431,-1.6689481538114286,0.09512765521340039,17261,2431,4506,-0.0007700806465078773,0.2571114072185853,0.0,0.0,ai_stripped_top_peers,10,drop_either_cleaning_ann,event_fe,M1_specz_x_ai_active
peer_car_0_p1_mm,ai_active_peer_tminus5,-0.0014251958012449933,0.000756947296812662,-1.8828203855752947,0.05972471342928687,17261,2431,4506,-0.0007270976567538258,0.2571114072185853,0.0,0.0,ai_stripped_top_peers,10,drop_either_cleaning_ann,event_fe_peer_industry_week_fe,M1_specz_x_ai_active
peer_car_0_p1_mm,specz_ai_active,-0.001480932446433474,0.0006684842847501795,-2.2153586557190588,0.026735456761076692,17261,2431,4506,-0.0007270976567538258,0.2571114072185853,0.0,0.0,ai_stripped_top_peers,10,drop_either_cleaning_ann,event_fe_peer_industry_week_fe,M1_specz_x_ai_active
peer_car_m1_p1_mm,ai_active_peer_tminus5,-0.001329497360745958,0.0009243644355763186,-1.43828268329801,0.15035386320101196,17261,2431,4506,-0.0007700806465078773,0.2571114072185853,0.0,0.0,ai_stripped_top_peers,10,drop_either_cleaning_ann,event_fe_peer_industry_week_fe,M1_specz_x_ai_active
peer_car_m1_p1_mm,specz_ai_active,-0.001336132543141703,0.0007953130824959268,-1.6800082540432069,0.09295570979446599,17261,2431,4506,-0.0007700806465078773,0.2571114072185853,0.0,0.0,ai_stripped_top_peers,10,drop_either_cleaning_ann,event_fe_peer_industry_week_fe,M1_specz_x_ai_active
