outcome,term,coef,se,z,p,nobs,events,peer_firms,mean_y,mean_ai_active,peer_group,top_n,sample,fe_spec,model
peer_car_0_p1_mm,ai_active_peer_tminus5,-0.0025949547720402525,0.0009077177809455687,-2.858768249903721,0.0042528936090455716,11288,2646,3977,-0.00018042890843770917,0.2600106307583274,true_top5,5,first_focal_event_clean,event_fe,M1
peer_car_0_p1_mm,specz_ai_active,-0.0018249601519794234,0.0007615958809136799,-2.3962316468808034,0.01656461798097575,11288,2646,3977,-0.00018042890843770917,0.2600106307583274,true_top5,5,first_focal_event_clean,event_fe,M1
peer_car_0_p1_mm,ai_active_peer_tminus5,-0.0025960552121393515,0.0009077008298610703,-2.8600339745604235,0.004235956248682449,11288,2646,3977,-0.00018042890843770917,0.2600106307583274,true_top5,5,first_focal_event_clean,event_fe,M2_plus_similarity
peer_car_0_p1_mm,specz_ai_active,-0.0018221340739049054,0.0007613446683437365,-2.3933103490024537,0.01669711094470938,11288,2646,3977,-0.00018042890843770917,0.2600106307583274,true_top5,5,first_focal_event_clean,event_fe,M2_plus_similarity
peer_car_0_p1_mm,product_similarity,0.0033226296292442467,0.0059803603515015775,0.5555902042608494,0.5784910294852912,11288,2646,3977,-0.00018042890843770917,0.2600106307583274,true_top5,5,first_focal_event_clean,event_fe,M2_plus_similarity
peer_car_m1_p1_mm,ai_active_peer_tminus5,-0.002058804934299003,0.0012109429495889494,-1.7001667460864758,0.08909956533107288,11288,2646,3977,-9.095750542233441e-05,0.2600106307583274,true_top5,5,first_focal_event_clean,event_fe,M1
peer_car_m1_p1_mm,specz_ai_active,-0.001920533075932548,0.0009782477797778593,-1.9632378581719483,0.04961854229041718,11288,2646,3977,-9.095750542233441e-05,0.2600106307583274,true_top5,5,first_focal_event_clean,event_fe,M1
peer_car_m1_p1_mm,ai_active_peer_tminus5,-0.0020611852299486787,0.001211020070544565,-1.7020240044591632,0.08875086849931368,11288,2646,3977,-9.095750542233441e-05,0.2600106307583274,true_top5,5,first_focal_event_clean,event_fe,M2_plus_similarity
peer_car_m1_p1_mm,specz_ai_active,-0.0019144201567905376,0.000978169414389597,-1.9571457956341698,0.0503303295137405,11288,2646,3977,-9.095750542233441e-05,0.2600106307583274,true_top5,5,first_focal_event_clean,event_fe,M2_plus_similarity
peer_car_m1_p1_mm,product_similarity,0.007186979880546151,0.007243225745247462,0.992234693949969,0.32108305200750453,11288,2646,3977,-9.095750542233441e-05,0.2600106307583274,true_top5,5,first_focal_event_clean,event_fe,M2_plus_similarity
peer_car_0_p1_mm,ai_active_peer_tminus5,-0.0017762725817608948,0.0010144055363039744,-1.7510477991206674,0.07993767682600317,11288,2646,3977,-0.00018042890843770917,0.2600106307583274,true_top5,5,first_focal_event_clean,event_fe_peer_industry_week_fe,M1
peer_car_0_p1_mm,specz_ai_active,-0.0015125060810466228,0.000875174289316234,-1.7282341352010357,0.08394625614011098,11288,2646,3977,-0.00018042890843770917,0.2600106307583274,true_top5,5,first_focal_event_clean,event_fe_peer_industry_week_fe,M1
peer_car_0_p1_mm,ai_active_peer_tminus5,-0.0017777111650222421,0.0010144742983841442,-1.752347169222308,0.0797141298347459,11288,2646,3977,-0.00018042890843770917,0.2600106307583274,true_top5,5,first_focal_event_clean,event_fe_peer_industry_week_fe,M2_plus_similarity
peer_car_0_p1_mm,specz_ai_active,-0.0015113372817009113,0.0008748587050093062,-1.727521567822583,0.08407403514256662,11288,2646,3977,-0.00018042890843770917,0.2600106307583274,true_top5,5,first_focal_event_clean,event_fe_peer_industry_week_fe,M2_plus_similarity
peer_car_0_p1_mm,product_similarity,0.005076958596958057,0.006138634332533242,0.8270501746701924,0.4082086232694224,11288,2646,3977,-0.00018042890843770917,0.2600106307583274,true_top5,5,first_focal_event_clean,event_fe_peer_industry_week_fe,M2_plus_similarity
peer_car_m1_p1_mm,ai_active_peer_tminus5,-0.00032765830219997987,0.001404005719453271,-0.23337390842508257,0.8154710719150664,11288,2646,3977,-9.095750542233441e-05,0.2600106307583274,true_top5,5,first_focal_event_clean,event_fe_peer_industry_week_fe,M1
peer_car_m1_p1_mm,specz_ai_active,-0.0014168150161583968,0.0011704002661099841,-1.21053887049036,0.22607218474427748,11288,2646,3977,-9.095750542233441e-05,0.2600106307583274,true_top5,5,first_focal_event_clean,event_fe_peer_industry_week_fe,M1
peer_car_m1_p1_mm,ai_active_peer_tminus5,-0.0003303428396800441,0.001404505797148804,-0.2352021902299383,0.8140518061201694,11288,2646,3977,-9.095750542233441e-05,0.2600106307583274,true_top5,5,first_focal_event_clean,event_fe_peer_industry_week_fe,M2_plus_similarity
peer_car_m1_p1_mm,specz_ai_active,-0.0014146339219287152,0.0011701950614806354,-1.2088872774243244,0.22670615461769805,11288,2646,3977,-9.095750542233441e-05,0.2600106307583274,true_top5,5,first_focal_event_clean,event_fe_peer_industry_week_fe,M2_plus_similarity
peer_car_m1_p1_mm,product_similarity,0.00947410275406272,0.007298897131503703,1.2980183969397696,0.19428101332865833,11288,2646,3977,-9.095750542233441e-05,0.2600106307583274,true_top5,5,first_focal_event_clean,event_fe_peer_industry_week_fe,M2_plus_similarity
peer_car_0_p1_mm,ai_active_peer_tminus5,-0.0016925640243423646,0.0006459149888691408,-2.6204129854699345,0.008782333933916364,22545,2651,4791,-0.0004985738890044691,0.2634730538922156,true_top10,10,first_focal_event_clean,event_fe,M1
peer_car_0_p1_mm,specz_ai_active,-0.0009687421090183193,0.0005763670628447031,-1.6807728467983918,0.09280704473734946,22545,2651,4791,-0.0004985738890044691,0.2634730538922156,true_top10,10,first_focal_event_clean,event_fe,M1
peer_car_0_p1_mm,ai_active_peer_tminus5,-0.0016843984192518755,0.0006457907299397095,-2.608272836943834,0.009100038955862866,22545,2651,4791,-0.0004985738890044691,0.2634730538922156,true_top10,10,first_focal_event_clean,event_fe,M2_plus_similarity
peer_car_0_p1_mm,specz_ai_active,-0.0009575247552790813,0.0005758013966921638,-1.6629427451545333,0.09632389688404741,22545,2651,4791,-0.0004985738890044691,0.2634730538922156,true_top10,10,first_focal_event_clean,event_fe,M2_plus_similarity
peer_car_0_p1_mm,product_similarity,0.01034225114788904,0.004196183404289907,2.4646804373030475,0.013713549671108938,22545,2651,4791,-0.0004985738890044691,0.2634730538922156,true_top10,10,first_focal_event_clean,event_fe,M2_plus_similarity
peer_car_m1_p1_mm,ai_active_peer_tminus5,-0.001541288233427691,0.0008098127367686739,-1.903264993803087,0.05700597619430203,22545,2651,4791,-0.0006397675255429237,0.2634730538922156,true_top10,10,first_focal_event_clean,event_fe,M1
peer_car_m1_p1_mm,specz_ai_active,-0.0011203963808919042,0.0007052068595537806,-1.5887485575520843,0.11211717145387157,22545,2651,4791,-0.0006397675255429237,0.2634730538922156,true_top10,10,first_focal_event_clean,event_fe,M1
peer_car_m1_p1_mm,ai_active_peer_tminus5,-0.0015298731887596383,0.0008095359774345668,-1.8898149451094592,0.058782714054039786,22545,2651,4791,-0.0006397675255429237,0.2634730538922156,true_top10,10,first_focal_event_clean,event_fe,M2_plus_similarity
peer_car_m1_p1_mm,specz_ai_active,-0.0011047151677335695,0.0007044733333731527,-1.5681433425506435,0.11684768336182105,22545,2651,4791,-0.0006397675255429237,0.2634730538922156,true_top10,10,first_focal_event_clean,event_fe,M2_plus_similarity
peer_car_m1_p1_mm,product_similarity,0.014457870239019446,0.005313782023581815,2.7208248616253843,0.006511925216381664,22545,2651,4791,-0.0006397675255429237,0.2634730538922156,true_top10,10,first_focal_event_clean,event_fe,M2_plus_similarity
peer_car_0_p1_mm,ai_active_peer_tminus5,-0.00128458078029881,0.0006659724413498406,-1.9288797862192761,0.053745787796446454,22545,2651,4791,-0.0004985738890044691,0.2634730538922156,true_top10,10,first_focal_event_clean,event_fe_peer_industry_week_fe,M1
peer_car_0_p1_mm,specz_ai_active,-0.0012848457786999966,0.0006030312452700343,-2.130645449597971,0.033118362271666646,22545,2651,4791,-0.0004985738890044691,0.2634730538922156,true_top10,10,first_focal_event_clean,event_fe_peer_industry_week_fe,M1
peer_car_0_p1_mm,ai_active_peer_tminus5,-0.0012773657627859775,0.0006658679337234443,-1.918347014614624,0.05506702473693359,22545,2651,4791,-0.0004985738890044691,0.2634730538922156,true_top10,10,first_focal_event_clean,event_fe_peer_industry_week_fe,M2_plus_similarity
peer_car_0_p1_mm,specz_ai_active,-0.00128051297039209,0.0006022404893618284,-2.1262485552059136,0.0334825691017544,22545,2651,4791,-0.0004985738890044691,0.2634730538922156,true_top10,10,first_focal_event_clean,event_fe_peer_industry_week_fe,M2_plus_similarity
peer_car_0_p1_mm,product_similarity,0.009333680866773829,0.004274213107447267,2.1837191155750024,0.02898289424756295,22545,2651,4791,-0.0004985738890044691,0.2634730538922156,true_top10,10,first_focal_event_clean,event_fe_peer_industry_week_fe,M2_plus_similarity
peer_car_m1_p1_mm,ai_active_peer_tminus5,-0.0008502437525494493,0.0008624463520782091,-0.9858511784537605,0.3242061473573976,22545,2651,4791,-0.0006397675255429237,0.2634730538922156,true_top10,10,first_focal_event_clean,event_fe_peer_industry_week_fe,M1
peer_car_m1_p1_mm,specz_ai_active,-0.0013051177826447593,0.0007425703255803848,-1.7575679200817693,0.0788210557572202,22545,2651,4791,-0.0006397675255429237,0.2634730538922156,true_top10,10,first_focal_event_clean,event_fe_peer_industry_week_fe,M1
peer_car_m1_p1_mm,ai_active_peer_tminus5,-0.0008391882039396029,0.0008619162947939309,-0.9736307446655688,0.3302399152488382,22545,2651,4791,-0.0006397675255429237,0.2634730538922156,true_top10,10,first_focal_event_clean,event_fe_peer_industry_week_fe,M2_plus_similarity
peer_car_m1_p1_mm,specz_ai_active,-0.0012984786341215563,0.000741227519202865,-1.7517949623861422,0.07980907075851729,22545,2651,4791,-0.0006397675255429237,0.2634730538922156,true_top10,10,first_focal_event_clean,event_fe_peer_industry_week_fe,M2_plus_similarity
peer_car_m1_p1_mm,product_similarity,0.014301969793957632,0.005390009508201145,2.653421997159102,0.007968018457954251,22545,2651,4791,-0.0006397675255429237,0.2634730538922156,true_top10,10,first_focal_event_clean,event_fe_peer_industry_week_fe,M2_plus_similarity
peer_car_0_p1_mm,ai_active_peer_tminus5,-0.0020702483604046595,0.0006978673372381899,-2.966535686564251,0.003011754068668049,19198,2598,2843,-0.0015732596401669544,0.25294301489738513,low_similarity_same_industry,10,first_focal_event_clean,event_fe,M1
peer_car_0_p1_mm,specz_ai_active,0.00010945631892143882,0.0005052142612061348,0.21665326441919075,0.8284785724463464,19198,2598,2843,-0.0015732596401669544,0.25294301489738513,low_similarity_same_industry,10,first_focal_event_clean,event_fe,M1
peer_car_0_p1_mm,ai_active_peer_tminus5,-0.0020763715739991846,0.0006973794556204317,-2.9773913717488516,0.0029071264351809845,19198,2598,2843,-0.0015732596401669544,0.25294301489738513,low_similarity_same_industry,10,first_focal_event_clean,event_fe,M2_plus_similarity
peer_car_0_p1_mm,specz_ai_active,0.00010922388496727961,0.0005047994101222797,0.2163708648962602,0.8286986748091025,19198,2598,2843,-0.0015732596401669544,0.25294301489738513,low_similarity_same_industry,10,first_focal_event_clean,event_fe,M2_plus_similarity
peer_car_0_p1_mm,product_similarity,-0.04310811036688103,0.022590406834313046,-1.9082485181897304,0.05635910344814676,19198,2598,2843,-0.0015732596401669544,0.25294301489738513,low_similarity_same_industry,10,first_focal_event_clean,event_fe,M2_plus_similarity
peer_car_m1_p1_mm,ai_active_peer_tminus5,-0.002842723115621949,0.0008908419786568967,-3.191052042594425,0.0014175574351695808,19198,2598,2843,-0.0017552487311726414,0.25294301489738513,low_similarity_same_industry,10,first_focal_event_clean,event_fe,M1
peer_car_m1_p1_mm,specz_ai_active,0.00020781474073010005,0.0006517064212774401,0.3188778473637757,0.7498191433326244,19198,2598,2843,-0.0017552487311726414,0.25294301489738513,low_similarity_same_industry,10,first_focal_event_clean,event_fe,M1
peer_car_m1_p1_mm,ai_active_peer_tminus5,-0.002845807054154232,0.0008911684888742944,-3.1933434470388384,0.0014063557117864889,19198,2598,2843,-0.0017552487311726414,0.25294301489738513,low_similarity_same_industry,10,first_focal_event_clean,event_fe,M2_plus_similarity
peer_car_m1_p1_mm,specz_ai_active,0.00020769767605215275,0.0006515909426833689,0.31875470091222613,0.749912531163708,19198,2598,2843,-0.0017552487311726414,0.25294301489738513,low_similarity_same_industry,10,first_focal_event_clean,event_fe,M2_plus_similarity
peer_car_m1_p1_mm,product_similarity,-0.021711273102272142,0.027604525406648556,-0.7865113702350767,0.4315679604564655,19198,2598,2843,-0.0017552487311726414,0.25294301489738513,low_similarity_same_industry,10,first_focal_event_clean,event_fe,M2_plus_similarity
peer_car_0_p1_mm,ai_active_peer_tminus5,-0.002070248360404659,0.0006978673372381899,-2.9665356865642507,0.003011754068668049,19198,2598,2843,-0.0015732596401669544,0.25294301489738513,low_similarity_same_industry,10,first_focal_event_clean,event_fe_peer_industry_week_fe,M1
peer_car_0_p1_mm,specz_ai_active,0.00010945631892143888,0.0005052142612061347,0.21665326441919092,0.8284785724463464,19198,2598,2843,-0.0015732596401669544,0.25294301489738513,low_similarity_same_industry,10,first_focal_event_clean,event_fe_peer_industry_week_fe,M1
peer_car_0_p1_mm,ai_active_peer_tminus5,-0.002076371573999185,0.0006973794556204317,-2.977391371748852,0.0029071264351809845,19198,2598,2843,-0.0015732596401669544,0.25294301489738513,low_similarity_same_industry,10,first_focal_event_clean,event_fe_peer_industry_week_fe,M2_plus_similarity
peer_car_0_p1_mm,specz_ai_active,0.0001092238849672795,0.0005047994101222798,0.21637086489625992,0.8286986748091028,19198,2598,2843,-0.0015732596401669544,0.25294301489738513,low_similarity_same_industry,10,first_focal_event_clean,event_fe_peer_industry_week_fe,M2_plus_similarity
peer_car_0_p1_mm,product_similarity,-0.04310811036688105,0.022590406834313046,-1.9082485181897315,0.05635910344814654,19198,2598,2843,-0.0015732596401669544,0.25294301489738513,low_similarity_same_industry,10,first_focal_event_clean,event_fe_peer_industry_week_fe,M2_plus_similarity
peer_car_m1_p1_mm,ai_active_peer_tminus5,-0.002842723115621949,0.0008908419786568967,-3.191052042594425,0.0014175574351695808,19198,2598,2843,-0.0017552487311726414,0.25294301489738513,low_similarity_same_industry,10,first_focal_event_clean,event_fe_peer_industry_week_fe,M1
peer_car_m1_p1_mm,specz_ai_active,0.00020781474073009994,0.0006517064212774401,0.31887784736377556,0.7498191433326249,19198,2598,2843,-0.0017552487311726414,0.25294301489738513,low_similarity_same_industry,10,first_focal_event_clean,event_fe_peer_industry_week_fe,M1
peer_car_m1_p1_mm,ai_active_peer_tminus5,-0.002845807054154233,0.0008911684888742944,-3.1933434470388393,0.0014063557117864889,19198,2598,2843,-0.0017552487311726414,0.25294301489738513,low_similarity_same_industry,10,first_focal_event_clean,event_fe_peer_industry_week_fe,M2_plus_similarity
peer_car_m1_p1_mm,specz_ai_active,0.00020769767605215267,0.0006515909426833688,0.3187547009122261,0.749912531163708,19198,2598,2843,-0.0017552487311726414,0.25294301489738513,low_similarity_same_industry,10,first_focal_event_clean,event_fe_peer_industry_week_fe,M2_plus_similarity
peer_car_m1_p1_mm,product_similarity,-0.021711273102272135,0.027604525406648556,-0.7865113702350763,0.4315679604564657,19198,2598,2843,-0.0017552487311726414,0.25294301489738513,low_similarity_same_industry,10,first_focal_event_clean,event_fe_peer_industry_week_fe,M2_plus_similarity
peer_car_0_p1_mm,ai_active_peer_tminus5,0.00024900916215334735,0.0006719293475552559,0.3705883111957246,0.7109441894350927,20073,2598,4658,-0.0008641461098959014,0.28057589797240073,random_same_industry_one_draw,10,first_focal_event_clean,event_fe,M1
peer_car_0_p1_mm,specz_ai_active,-0.00039031942784311416,0.0005498372434109115,-0.7098817559570362,0.4777774648211315,20073,2598,4658,-0.0008641461098959014,0.28057589797240073,random_same_industry_one_draw,10,first_focal_event_clean,event_fe,M1
peer_car_0_p1_mm,ai_active_peer_tminus5,0.00024291407739899845,0.0006724394995189985,0.36124302271469316,0.7179177830040837,20073,2598,4658,-0.0008641461098959014,0.28057589797240073,random_same_industry_one_draw,10,first_focal_event_clean,event_fe,M2_plus_similarity
peer_car_0_p1_mm,specz_ai_active,-0.0003886048807454113,0.0005498075203971365,-0.706801683004835,0.47968972854710046,20073,2598,4658,-0.0008641461098959014,0.28057589797240073,random_same_industry_one_draw,10,first_focal_event_clean,event_fe,M2_plus_similarity
peer_car_0_p1_mm,product_similarity,0.00392100670424088,0.003952532844182637,0.9920238132902154,0.3211859091232394,20073,2598,4658,-0.0008641461098959014,0.28057589797240073,random_same_industry_one_draw,10,first_focal_event_clean,event_fe,M2_plus_similarity
peer_car_m1_p1_mm,ai_active_peer_tminus5,-2.3417501469921994e-05,0.0008326416479270237,-0.028124345603205286,0.9775629767678478,20073,2598,4658,-0.0006370469653978083,0.28057589797240073,random_same_industry_one_draw,10,first_focal_event_clean,event_fe,M1
peer_car_m1_p1_mm,specz_ai_active,-0.0010769668172931673,0.0006217270603349671,-1.732218019773711,0.08323475183252671,20073,2598,4658,-0.0006370469653978083,0.28057589797240073,random_same_industry_one_draw,10,first_focal_event_clean,event_fe,M1
peer_car_m1_p1_mm,ai_active_peer_tminus5,-3.841584473808023e-05,0.0008330457868241728,-0.046114925908854625,0.9632186495097881,20073,2598,4658,-0.0006370469653978083,0.28057589797240073,random_same_industry_one_draw,10,first_focal_event_clean,event_fe,M2_plus_similarity
peer_car_m1_p1_mm,specz_ai_active,-0.001072747783931501,0.0006217191847452956,-1.7254538869843332,0.08444570722026445,20073,2598,4658,-0.0006370469653978083,0.28057589797240073,random_same_industry_one_draw,10,first_focal_event_clean,event_fe,M2_plus_similarity
peer_car_m1_p1_mm,product_similarity,0.00964852940970068,0.004727875536838966,2.040774833119156,0.04127321318562838,20073,2598,4658,-0.0006370469653978083,0.28057589797240073,random_same_industry_one_draw,10,first_focal_event_clean,event_fe,M2_plus_similarity
peer_car_0_p1_mm,ai_active_peer_tminus5,0.00024900916215334724,0.0006719293475552559,0.37058831119572444,0.7109441894350927,20073,2598,4658,-0.0008641461098959014,0.28057589797240073,random_same_industry_one_draw,10,first_focal_event_clean,event_fe_peer_industry_week_fe,M1
peer_car_0_p1_mm,specz_ai_active,-0.0003903194278431145,0.0005498372434109115,-0.7098817559570367,0.47777746482113126,20073,2598,4658,-0.0008641461098959014,0.28057589797240073,random_same_industry_one_draw,10,first_focal_event_clean,event_fe_peer_industry_week_fe,M1
peer_car_0_p1_mm,ai_active_peer_tminus5,0.00024291407739899867,0.0006724394995189986,0.3612430227146934,0.7179177830040837,20073,2598,4658,-0.0008641461098959014,0.28057589797240073,random_same_industry_one_draw,10,first_focal_event_clean,event_fe_peer_industry_week_fe,M2_plus_similarity
peer_car_0_p1_mm,specz_ai_active,-0.0003886048807454113,0.0005498075203971365,-0.706801683004835,0.47968972854710046,20073,2598,4658,-0.0008641461098959014,0.28057589797240073,random_same_industry_one_draw,10,first_focal_event_clean,event_fe_peer_industry_week_fe,M2_plus_similarity
peer_car_0_p1_mm,product_similarity,0.003921006704240881,0.003952532844182637,0.9920238132902156,0.3211859091232394,20073,2598,4658,-0.0008641461098959014,0.28057589797240073,random_same_industry_one_draw,10,first_focal_event_clean,event_fe_peer_industry_week_fe,M2_plus_similarity
peer_car_m1_p1_mm,ai_active_peer_tminus5,-2.3417501469922265e-05,0.0008326416479270237,-0.028124345603205612,0.9775629767678473,20073,2598,4658,-0.0006370469653978083,0.28057589797240073,random_same_industry_one_draw,10,first_focal_event_clean,event_fe_peer_industry_week_fe,M1
peer_car_m1_p1_mm,specz_ai_active,-0.0010769668172931671,0.0006217270603349671,-1.7322180197737107,0.08323475183252671,20073,2598,4658,-0.0006370469653978083,0.28057589797240073,random_same_industry_one_draw,10,first_focal_event_clean,event_fe_peer_industry_week_fe,M1
peer_car_m1_p1_mm,ai_active_peer_tminus5,-3.84158447380805e-05,0.0008330457868241728,-0.04611492590885495,0.9632186495097876,20073,2598,4658,-0.0006370469653978083,0.28057589797240073,random_same_industry_one_draw,10,first_focal_event_clean,event_fe_peer_industry_week_fe,M2_plus_similarity
peer_car_m1_p1_mm,specz_ai_active,-0.0010727477839315009,0.0006217191847452956,-1.7254538869843328,0.08444570722026468,20073,2598,4658,-0.0006370469653978083,0.28057589797240073,random_same_industry_one_draw,10,first_focal_event_clean,event_fe_peer_industry_week_fe,M2_plus_similarity
peer_car_m1_p1_mm,product_similarity,0.00964852940970068,0.004727875536838966,2.040774833119156,0.04127321318562838,20073,2598,4658,-0.0006370469653978083,0.28057589797240073,random_same_industry_one_draw,10,first_focal_event_clean,event_fe_peer_industry_week_fe,M2_plus_similarity
