outcome,term,coef,se,z,p,nobs,events,peer_firms,mean_y,mean_ai_active,draw,fe_spec
peer_car_0_p1_mm,specz_ai_active,0.0009653875840888107,0.000572313487467704,1.686816063623327,0.09163872567926212,20079,2599,4668,-0.0005420981003540122,0.27710543353752676,1,event_fe
peer_car_0_p1_mm,specz_ai_active,0.0009653875840888108,0.000572313487467704,1.6868160636233271,0.09163872567926212,20079,2599,4668,-0.0005420981003540122,0.27710543353752676,1,event_fe_peer_industry_week_fe
peer_car_m1_p1_mm,specz_ai_active,0.0002916393232369501,0.0006979556757282014,0.41784791409952027,0.6760583165075544,20079,2599,4668,-0.0005171740067512646,0.27710543353752676,1,event_fe
peer_car_m1_p1_mm,specz_ai_active,0.0002916393232369501,0.0006979556757282014,0.41784791409952027,0.6760583165075544,20079,2599,4668,-0.0005171740067512646,0.27710543353752676,1,event_fe_peer_industry_week_fe
peer_car_0_p1_mm,specz_ai_active,0.00046902556868535307,0.0005493736779209653,0.8537459793492849,0.3932457519691721,20203,2599,4676,-0.0007390475580055926,0.2768895708558135,2,event_fe
peer_car_0_p1_mm,specz_ai_active,0.00046902556868535296,0.0005493736779209653,0.8537459793492846,0.3932457519691721,20203,2599,4676,-0.0007390475580055926,0.2768895708558135,2,event_fe_peer_industry_week_fe
peer_car_m1_p1_mm,specz_ai_active,0.0005786544526560774,0.0006449291463544661,0.8972372483504369,0.36959233313891815,20203,2599,4676,-0.0006886255720648278,0.2768895708558135,2,event_fe
peer_car_m1_p1_mm,specz_ai_active,0.0005786544526560774,0.0006449291463544661,0.8972372483504369,0.36959233313891815,20203,2599,4676,-0.0006886255720648278,0.2768895708558135,2,event_fe_peer_industry_week_fe
peer_car_0_p1_mm,specz_ai_active,0.00011789226952139673,0.0005605044417248948,0.2103324447502956,0.8334082143697581,20042,2598,4648,-0.0005760993671834737,0.277567109070951,3,event_fe
peer_car_0_p1_mm,specz_ai_active,0.00011789226952139667,0.0005605044417248948,0.21033244475029553,0.8334082143697583,20042,2598,4648,-0.0005760993671834737,0.277567109070951,3,event_fe_peer_industry_week_fe
peer_car_m1_p1_mm,specz_ai_active,0.0006130564190216073,0.0006970132381144171,0.8795477409870542,0.3791043596503836,20042,2598,4648,-0.0005033510781363615,0.277567109070951,3,event_fe
peer_car_m1_p1_mm,specz_ai_active,0.0006130564190216076,0.0006970132381144171,0.8795477409870547,0.37910435965038336,20042,2598,4648,-0.0005033510781363615,0.277567109070951,3,event_fe_peer_industry_week_fe
peer_car_0_p1_mm,specz_ai_active,-0.0008626766499323459,0.0005472948265568814,-1.5762558096146857,0.11496686129303746,20165,2598,4642,-0.0010226358352616706,0.2765187205554178,4,event_fe
peer_car_0_p1_mm,specz_ai_active,-0.0008626766499323459,0.0005472948265568814,-1.5762558096146857,0.11496686129303746,20165,2598,4642,-0.0010226358352616706,0.2765187205554178,4,event_fe_peer_industry_week_fe
peer_car_m1_p1_mm,specz_ai_active,-0.0007551640265198469,0.0006583424834004106,-1.1470686543261532,0.2513532476118554,20165,2598,4642,-0.0009045662463331897,0.2765187205554178,4,event_fe
peer_car_m1_p1_mm,specz_ai_active,-0.000755164026519847,0.0006583424834004106,-1.1470686543261532,0.2513532476118554,20165,2598,4642,-0.0009045662463331897,0.2765187205554178,4,event_fe_peer_industry_week_fe
peer_car_0_p1_mm,specz_ai_active,0.0008058990730396282,0.0005950906419243622,1.3542459186277378,0.175657933727285,20178,2599,4655,-0.0005622419321913108,0.27946278124690255,5,event_fe
peer_car_0_p1_mm,specz_ai_active,0.0008058990730396282,0.0005950906419243622,1.3542459186277378,0.175657933727285,20178,2599,4655,-0.0005622419321913108,0.27946278124690255,5,event_fe_peer_industry_week_fe
peer_car_m1_p1_mm,specz_ai_active,0.0006187534181718795,0.0006847946440258273,0.9035605397470704,0.36622847318302787,20178,2599,4655,-0.0006686228914819579,0.27946278124690255,5,event_fe
peer_car_m1_p1_mm,specz_ai_active,0.0006187534181718794,0.0006847946440258273,0.9035605397470703,0.36622847318302787,20178,2599,4655,-0.0006686228914819579,0.27946278124690255,5,event_fe_peer_industry_week_fe
peer_car_0_p1_mm,specz_ai_active,-0.0007873624724667988,0.0005201809107836281,-1.5136320002221424,0.13011920028943091,20081,2598,4647,-0.0010137014256023753,0.2745879189283402,6,event_fe
peer_car_0_p1_mm,specz_ai_active,-0.0007873624724667988,0.0005201809107836281,-1.5136320002221424,0.13011920028943091,20081,2598,4647,-0.0010137014256023753,0.2745879189283402,6,event_fe_peer_industry_week_fe
peer_car_m1_p1_mm,specz_ai_active,-0.0008538500133324951,0.0006215148469365986,-1.3738207824657118,0.16949732752628188,20081,2598,4647,-0.001148239145697002,0.2745879189283402,6,event_fe
peer_car_m1_p1_mm,specz_ai_active,-0.0008538500133324952,0.0006215148469365986,-1.373820782465712,0.16949732752628188,20081,2598,4647,-0.001148239145697002,0.2745879189283402,6,event_fe_peer_industry_week_fe
peer_car_0_p1_mm,specz_ai_active,-0.00019881890832211752,0.0004829634427605266,-0.4116645085717186,0.6805853422137425,20180,2600,4681,-0.0006528556339040659,0.2720515361744301,7,event_fe
peer_car_0_p1_mm,specz_ai_active,-0.0001988189083221174,0.00048296344276052664,-0.4116645085717183,0.6805853422137427,20180,2600,4681,-0.0006528556339040659,0.2720515361744301,7,event_fe_peer_industry_week_fe
peer_car_m1_p1_mm,specz_ai_active,-0.00015575366205867482,0.0006187987813033027,-0.25170324629700996,0.8012704475904711,20180,2600,4681,-0.000651421965512007,0.2720515361744301,7,event_fe
peer_car_m1_p1_mm,specz_ai_active,-0.0001557536620586749,0.0006187987813033027,-0.25170324629701013,0.8012704475904711,20180,2600,4681,-0.000651421965512007,0.2720515361744301,7,event_fe_peer_industry_week_fe
peer_car_0_p1_mm,specz_ai_active,-0.0009615673961024058,0.0005253729502354593,-1.8302567645925716,0.06721155320088568,20131,2600,4663,-0.0005934249476502114,0.2802642690378024,8,event_fe
peer_car_0_p1_mm,specz_ai_active,-0.0009615673961024056,0.0005253729502354593,-1.8302567645925711,0.06721155320088568,20131,2600,4663,-0.0005934249476502114,0.2802642690378024,8,event_fe_peer_industry_week_fe
peer_car_m1_p1_mm,specz_ai_active,-0.0010170028753132927,0.0005999886194144737,-1.6950369430436554,0.09006841285319123,20131,2600,4663,-0.00035613147940840987,0.2802642690378024,8,event_fe
peer_car_m1_p1_mm,specz_ai_active,-0.001017002875313293,0.0005999886194144737,-1.6950369430436558,0.090068412853191,20131,2600,4663,-0.00035613147940840987,0.2802642690378024,8,event_fe_peer_industry_week_fe
peer_car_0_p1_mm,specz_ai_active,-0.0005427706830723748,0.0005241292517757934,-1.0355664776072366,0.30040443784256565,20070,2599,4636,-0.0008751843363248664,0.2783258594917788,9,event_fe
peer_car_0_p1_mm,specz_ai_active,-0.0005427706830723751,0.0005241292517757933,-1.0355664776072373,0.3004044378425652,20070,2599,4636,-0.0008751843363248664,0.2783258594917788,9,event_fe_peer_industry_week_fe
peer_car_m1_p1_mm,specz_ai_active,-0.00021945918662215794,0.0006616284287742915,-0.3316955213498307,0.7401191828518956,20070,2599,4636,-0.0006312685315950586,0.2783258594917788,9,event_fe
peer_car_m1_p1_mm,specz_ai_active,-0.00021945918662215805,0.0006616284287742915,-0.3316955213498308,0.7401191828518956,20070,2599,4636,-0.0006312685315950586,0.2783258594917788,9,event_fe_peer_industry_week_fe
peer_car_0_p1_mm,specz_ai_active,0.0003360450337904873,0.0004847665186176429,0.6932100730651762,0.48817772763107614,20122,2599,4674,-0.0006028058448710436,0.27686114700328,10,event_fe
peer_car_0_p1_mm,specz_ai_active,0.00033604503379048743,0.0004847665186176429,0.6932100730651765,0.48817772763107614,20122,2599,4674,-0.0006028058448710436,0.27686114700328,10,event_fe_peer_industry_week_fe
peer_car_m1_p1_mm,specz_ai_active,-0.00013762318726193254,0.0006192709581681699,-0.22223420208341085,0.8241315703315912,20122,2599,4674,-0.0005590613868980342,0.27686114700328,10,event_fe
peer_car_m1_p1_mm,specz_ai_active,-0.00013762318726193254,0.0006192709581681698,-0.2222342020834109,0.8241315703315912,20122,2599,4674,-0.0005590613868980342,0.27686114700328,10,event_fe_peer_industry_week_fe
peer_car_0_p1_mm,specz_ai_active,-0.0006272740997099672,0.0005578661996721622,-1.1244167509675143,0.26083626906023305,20135,2599,4659,-0.0005651738540124018,0.27618574621306186,11,event_fe
peer_car_0_p1_mm,specz_ai_active,-0.000627274099709967,0.0005578661996721622,-1.1244167509675138,0.26083626906023305,20135,2599,4659,-0.0005651738540124018,0.27618574621306186,11,event_fe_peer_industry_week_fe
peer_car_m1_p1_mm,specz_ai_active,-0.0004762575261630186,0.0006152590727116491,-0.7740763968973183,0.4388856144801574,20135,2599,4659,-0.00045816381445421754,0.27618574621306186,11,event_fe
peer_car_m1_p1_mm,specz_ai_active,-0.0004762575261630185,0.0006152590727116491,-0.7740763968973182,0.4388856144801574,20135,2599,4659,-0.00045816381445421754,0.27618574621306186,11,event_fe_peer_industry_week_fe
peer_car_0_p1_mm,specz_ai_active,0.00048563429401744416,0.0004933047615275576,0.9844508545055166,0.3248938841960145,20223,2599,4649,-0.0005491781687065572,0.27770360480640854,12,event_fe
peer_car_0_p1_mm,specz_ai_active,0.00048563429401744394,0.0004933047615275576,0.9844508545055162,0.32489388419601495,20223,2599,4649,-0.0005491781687065572,0.27770360480640854,12,event_fe_peer_industry_week_fe
peer_car_m1_p1_mm,specz_ai_active,0.00039380399413271606,0.0006217256172183547,0.6334048062787304,0.5264693271773899,20223,2599,4649,-0.0003513545593507663,0.27770360480640854,12,event_fe
peer_car_m1_p1_mm,specz_ai_active,0.0003938039941327163,0.0006217256172183548,0.6334048062787306,0.5264693271773897,20223,2599,4649,-0.0003513545593507663,0.27770360480640854,12,event_fe_peer_industry_week_fe
peer_car_0_p1_mm,specz_ai_active,0.0003443906536214453,0.0005781623171019991,0.5956643029723573,0.5513995099586586,20221,2599,4676,-0.0005812883372522344,0.2774838039661738,13,event_fe
peer_car_0_p1_mm,specz_ai_active,0.0003443906536214453,0.0005781623171019991,0.5956643029723573,0.5513995099586586,20221,2599,4676,-0.0005812883372522344,0.2774838039661738,13,event_fe_peer_industry_week_fe
peer_car_m1_p1_mm,specz_ai_active,0.0002911784067041535,0.0006692764957259252,0.4350644443121064,0.6635156508134872,20221,2599,4676,-0.0006683236960154762,0.2774838039661738,13,event_fe
peer_car_m1_p1_mm,specz_ai_active,0.00029117840670415333,0.0006692764957259252,0.43506444431210617,0.6635156508134872,20221,2599,4676,-0.0006683236960154762,0.2774838039661738,13,event_fe_peer_industry_week_fe
peer_car_0_p1_mm,specz_ai_active,-0.00022613796460318165,0.0004974843320799963,-0.45456298826074043,0.6494236669868956,20043,2598,4672,-0.0010536795819391502,0.27326248565583994,14,event_fe
peer_car_0_p1_mm,specz_ai_active,-0.0002261379646031816,0.0004974843320799963,-0.4545629882607403,0.6494236669868956,20043,2598,4672,-0.0010536795819391502,0.27326248565583994,14,event_fe_peer_industry_week_fe
peer_car_m1_p1_mm,specz_ai_active,0.0001262937206969917,0.0006389221393372657,0.1976668406388176,0.8433057351146114,20043,2598,4672,-0.0010349515450895348,0.27326248565583994,14,event_fe
peer_car_m1_p1_mm,specz_ai_active,0.00012629372069699148,0.0006389221393372657,0.19766684063881726,0.8433057351146118,20043,2598,4672,-0.0010349515450895348,0.27326248565583994,14,event_fe_peer_industry_week_fe
peer_car_0_p1_mm,specz_ai_active,0.00018664300593142273,0.0005825016255309124,0.3204162834074665,0.7486527833421501,20159,2600,4661,-0.0006250981157885185,0.27491443027927975,15,event_fe
peer_car_0_p1_mm,specz_ai_active,0.0001866430059314228,0.0005825016255309124,0.3204162834074666,0.7486527833421501,20159,2600,4661,-0.0006250981157885185,0.27491443027927975,15,event_fe_peer_industry_week_fe
peer_car_m1_p1_mm,specz_ai_active,7.479529678945657e-06,0.0006501022380409699,0.011505159098489816,0.9908204137011436,20159,2600,4661,-0.0004952182632877085,0.27491443027927975,15,event_fe
peer_car_m1_p1_mm,specz_ai_active,7.479529678945765e-06,0.0006501022380409699,0.011505159098489983,0.9908204137011436,20159,2600,4661,-0.0004952182632877085,0.27491443027927975,15,event_fe_peer_industry_week_fe
peer_car_0_p1_mm,specz_ai_active,6.069082252534841e-05,0.0005206434276063115,0.116568882477549,0.9072016977567168,20185,2597,4667,-0.0009688539738100792,0.2768392370572207,16,event_fe
peer_car_0_p1_mm,specz_ai_active,6.0690822525348535e-05,0.0005206434276063115,0.11656888247754923,0.9072016977567166,20185,2597,4667,-0.0009688539738100792,0.2768392370572207,16,event_fe_peer_industry_week_fe
peer_car_m1_p1_mm,specz_ai_active,0.0006415588610225182,0.0006589785582029604,0.9735656085261016,0.33027226937225707,20185,2597,4667,-0.000860946045968971,0.2768392370572207,16,event_fe
peer_car_m1_p1_mm,specz_ai_active,0.0006415588610225179,0.0006589785582029604,0.9735656085261012,0.3302722693722573,20185,2597,4667,-0.000860946045968971,0.2768392370572207,16,event_fe_peer_industry_week_fe
peer_car_0_p1_mm,specz_ai_active,-0.0005391097899907052,0.0005697523342447927,-0.946217781986441,0.34403751828219553,20140,2599,4656,-0.0008669139922642637,0.27874875868917576,17,event_fe
peer_car_0_p1_mm,specz_ai_active,-0.0005391097899907054,0.0005697523342447927,-0.9462177819864415,0.3440375182821951,20140,2599,4656,-0.0008669139922642637,0.27874875868917576,17,event_fe_peer_industry_week_fe
peer_car_m1_p1_mm,specz_ai_active,-0.0003285930413389478,0.0006587465325069499,-0.4988155916182847,0.6179093024962226,20140,2599,4656,-0.000888011175498091,0.27874875868917576,17,event_fe
peer_car_m1_p1_mm,specz_ai_active,-0.0003285930413389477,0.0006587465325069499,-0.49881559161828454,0.6179093024962228,20140,2599,4656,-0.000888011175498091,0.27874875868917576,17,event_fe_peer_industry_week_fe
peer_car_0_p1_mm,specz_ai_active,-0.0007792195178299326,0.0004998560226414994,-1.5588879247910852,0.11902290882167943,20269,2597,4658,-0.0008888808262339208,0.2768266811386847,18,event_fe
peer_car_0_p1_mm,specz_ai_active,-0.0007792195178299324,0.0004998560226414994,-1.5588879247910847,0.11902290882167943,20269,2597,4658,-0.0008888808262339208,0.2768266811386847,18,event_fe_peer_industry_week_fe
peer_car_m1_p1_mm,specz_ai_active,-0.00023483867332935187,0.0005823141764022765,-0.40328517292891686,0.6867384480420673,20269,2597,4658,-0.0007899669932132447,0.2768266811386847,18,event_fe
peer_car_m1_p1_mm,specz_ai_active,-0.00023483867332935187,0.0005823141764022765,-0.40328517292891686,0.6867384480420673,20269,2597,4658,-0.0007899669932132447,0.2768266811386847,18,event_fe_peer_industry_week_fe
peer_car_0_p1_mm,specz_ai_active,-0.000589640700907611,0.0004859736507083816,-1.2133182530536764,0.22500816687806768,20132,2598,4674,-0.0008832790381219107,0.2762765746075899,19,event_fe
peer_car_0_p1_mm,specz_ai_active,-0.0005896407009076108,0.0004859736507083816,-1.213318253053676,0.22500816687806768,20132,2598,4674,-0.0008832790381219107,0.2762765746075899,19,event_fe_peer_industry_week_fe
peer_car_m1_p1_mm,specz_ai_active,-0.000948668715685997,0.0006125609805133644,-1.548692694874155,0.12145561079948664,20132,2598,4674,-0.0009184558871909249,0.2762765746075899,19,event_fe
peer_car_m1_p1_mm,specz_ai_active,-0.0009486687156859969,0.0006125609805133645,-1.5486926948741546,0.12145561079948664,20132,2598,4674,-0.0009184558871909249,0.2762765746075899,19,event_fe_peer_industry_week_fe
peer_car_0_p1_mm,specz_ai_active,0.00035302632669008074,0.0005128017474241978,0.6884265283091004,0.49118422290362496,20117,2597,4652,-0.0007293284772687483,0.27668141372968136,20,event_fe
peer_car_0_p1_mm,specz_ai_active,0.00035302632669008085,0.0005128017474241978,0.6884265283091007,0.49118422290362496,20117,2597,4652,-0.0007293284772687483,0.27668141372968136,20,event_fe_peer_industry_week_fe
peer_car_m1_p1_mm,specz_ai_active,0.0008532200264299409,0.0006702735661798034,1.272942973557548,0.20303827851138267,20117,2597,4652,-0.00042725790276126717,0.27668141372968136,20,event_fe
peer_car_m1_p1_mm,specz_ai_active,0.0008532200264299408,0.0006702735661798034,1.272942973557548,0.20303827851138267,20117,2597,4652,-0.00042725790276126717,0.27668141372968136,20,event_fe_peer_industry_week_fe
peer_car_0_p1_mm,specz_ai_active,-0.00020362543819019526,0.0005211451555225614,-0.39072691366768336,0.6959991029468644,20086,2599,4675,-0.0008252714150548747,0.2777058647814398,21,event_fe
peer_car_0_p1_mm,specz_ai_active,-0.00020362543819019502,0.0005211451555225614,-0.39072691366768286,0.6959991029468648,20086,2599,4675,-0.0008252714150548747,0.2777058647814398,21,event_fe_peer_industry_week_fe
peer_car_m1_p1_mm,specz_ai_active,-8.324050996179543e-05,0.0006537714828084496,-0.12732355593763992,0.8986843170896999,20086,2599,4675,-0.0008112468335020046,0.2777058647814398,21,event_fe
peer_car_m1_p1_mm,specz_ai_active,-8.324050996179548e-05,0.0006537714828084496,-0.12732355593764,0.8986843170896999,20086,2599,4675,-0.0008112468335020046,0.2777058647814398,21,event_fe_peer_industry_week_fe
peer_car_0_p1_mm,specz_ai_active,0.00041477400949388406,0.0006075253637678181,0.6827270666058988,0.49477932320046003,20022,2599,4657,-0.00046281782310648745,0.2749475576865448,22,event_fe
peer_car_0_p1_mm,specz_ai_active,0.00041477400949388406,0.0006075253637678181,0.6827270666058988,0.49477932320046003,20022,2599,4657,-0.00046281782310648745,0.2749475576865448,22,event_fe_peer_industry_week_fe
peer_car_m1_p1_mm,specz_ai_active,0.0002843237531221463,0.0007084134408617126,0.4013528495115727,0.6881603584791451,20022,2599,4657,-0.0004296527250803519,0.2749475576865448,22,event_fe
peer_car_m1_p1_mm,specz_ai_active,0.0002843237531221463,0.0007084134408617126,0.4013528495115727,0.6881603584791451,20022,2599,4657,-0.0004296527250803519,0.2749475576865448,22,event_fe_peer_industry_week_fe
peer_car_0_p1_mm,specz_ai_active,0.0007151199340738514,0.000541585363022079,1.3204196104625854,0.1866949597241614,20056,2599,4649,-0.0011121321003458313,0.27562824092540883,23,event_fe
peer_car_0_p1_mm,specz_ai_active,0.0007151199340738514,0.000541585363022079,1.3204196104625854,0.1866949597241614,20056,2599,4649,-0.0011121321003458313,0.27562824092540883,23,event_fe_peer_industry_week_fe
peer_car_m1_p1_mm,specz_ai_active,0.001208325103764786,0.0006575715310903998,1.837556899340083,0.06612772482329454,20056,2599,4649,-0.0011427686847305663,0.27562824092540883,23,event_fe
peer_car_m1_p1_mm,specz_ai_active,0.001208325103764786,0.0006575715310903998,1.837556899340083,0.06612772482329454,20056,2599,4649,-0.0011427686847305663,0.27562824092540883,23,event_fe_peer_industry_week_fe
peer_car_0_p1_mm,specz_ai_active,-0.00011669814089739526,0.0004990599884015176,-0.2338358987086459,0.8151123789137602,20106,2599,4658,-0.0006301061903971706,0.2768327862329653,24,event_fe
peer_car_0_p1_mm,specz_ai_active,-0.0001166981408973952,0.0004990599884015176,-0.2338358987086458,0.8151123789137604,20106,2599,4658,-0.0006301061903971706,0.2768327862329653,24,event_fe_peer_industry_week_fe
peer_car_m1_p1_mm,specz_ai_active,0.00013682008718205753,0.0006047725562781339,0.22623395483431,0.8210194629846155,20106,2599,4658,-0.0002762728168258204,0.2768327862329653,24,event_fe
peer_car_m1_p1_mm,specz_ai_active,0.0001368200871820576,0.0006047725562781339,0.22623395483431008,0.8210194629846155,20106,2599,4658,-0.0002762728168258204,0.2768327862329653,24,event_fe_peer_industry_week_fe
peer_car_0_p1_mm,specz_ai_active,-0.0011449032212909602,0.0005807983335663114,-1.9712577587143565,0.04869440035591088,20136,2599,4661,-0.00048923464350526,0.27761223678982916,25,event_fe
peer_car_0_p1_mm,specz_ai_active,-0.0011449032212909602,0.0005807983335663114,-1.9712577587143565,0.04869440035591088,20136,2599,4661,-0.00048923464350526,0.27761223678982916,25,event_fe_peer_industry_week_fe
peer_car_m1_p1_mm,specz_ai_active,-0.0011109591856312791,0.000672036853447256,-1.6531224142434198,0.09830595246300966,20136,2599,4661,-0.0002081678348625728,0.27761223678982916,25,event_fe
peer_car_m1_p1_mm,specz_ai_active,-0.0011109591856312796,0.000672036853447256,-1.6531224142434204,0.09830595246300966,20136,2599,4661,-0.0002081678348625728,0.27761223678982916,25,event_fe_peer_industry_week_fe
peer_car_0_p1_mm,specz_ai_active,-0.00022203062645804498,0.0005523125705030094,-0.4020017618933321,0.6876827296101222,20099,2598,4650,-0.0006543211996884662,0.27782476740136325,26,event_fe
peer_car_0_p1_mm,specz_ai_active,-0.0002220306264580449,0.0005523125705030094,-0.4020017618933319,0.6876827296101224,20099,2598,4650,-0.0006543211996884662,0.27782476740136325,26,event_fe_peer_industry_week_fe
peer_car_m1_p1_mm,specz_ai_active,-0.0008028392910393235,0.000646496518917951,-1.2418308027134395,0.21429899524497387,20099,2598,4650,-0.00038793779263078895,0.27782476740136325,26,event_fe
peer_car_m1_p1_mm,specz_ai_active,-0.0008028392910393235,0.000646496518917951,-1.2418308027134395,0.21429899524497387,20099,2598,4650,-0.00038793779263078895,0.27782476740136325,26,event_fe_peer_industry_week_fe
peer_car_0_p1_mm,specz_ai_active,-8.112990144856536e-05,0.0004903227892545765,-0.1654622286104727,0.8685801772144277,20022,2597,4642,-0.0006690370942371741,0.28109080011986814,27,event_fe
peer_car_0_p1_mm,specz_ai_active,-8.112990144856541e-05,0.0004903227892545765,-0.1654622286104728,0.8685801772144277,20022,2597,4642,-0.0006690370942371741,0.28109080011986814,27,event_fe_peer_industry_week_fe
peer_car_m1_p1_mm,specz_ai_active,-0.0003021540342275486,0.0006111224827608655,-0.49442467385999045,0.6210062920433366,20022,2597,4642,-0.0004978552231635949,0.28109080011986814,27,event_fe
peer_car_m1_p1_mm,specz_ai_active,-0.00030215403422754865,0.0006111224827608655,-0.49442467385999056,0.6210062920433366,20022,2597,4642,-0.0004978552231635949,0.28109080011986814,27,event_fe_peer_industry_week_fe
peer_car_0_p1_mm,specz_ai_active,0.0006536706743207847,0.0005097541769986607,1.2823252928881879,0.19972855890961316,20167,2600,4671,-0.0005857609049930435,0.27693757127981355,28,event_fe
peer_car_0_p1_mm,specz_ai_active,0.0006536706743207844,0.0005097541769986608,1.282325292888187,0.19972855890961339,20167,2600,4671,-0.0005857609049930435,0.27693757127981355,28,event_fe_peer_industry_week_fe
peer_car_m1_p1_mm,specz_ai_active,0.0005330492929683114,0.000648176909617536,0.8223824160642239,0.4108592838208829,20167,2600,4671,-0.000439588561034702,0.27693757127981355,28,event_fe
peer_car_m1_p1_mm,specz_ai_active,0.0005330492929683118,0.0006481769096175359,0.8223824160642247,0.41085928382088244,20167,2600,4671,-0.000439588561034702,0.27693757127981355,28,event_fe_peer_industry_week_fe
peer_car_0_p1_mm,specz_ai_active,0.0002010305925153813,0.0005313352740837139,0.3783497959213379,0.7051707580390398,20159,2598,4646,-0.0005188118645743415,0.2759065429832829,29,event_fe
peer_car_0_p1_mm,specz_ai_active,0.00020103059251538126,0.000531335274083714,0.3783497959213378,0.7051707580390401,20159,2598,4646,-0.0005188118645743415,0.2759065429832829,29,event_fe_peer_industry_week_fe
peer_car_m1_p1_mm,specz_ai_active,8.320751225799904e-05,0.0006374677493047619,0.13052819118888323,0.8961485515896648,20159,2598,4646,-0.0005674972285234686,0.2759065429832829,29,event_fe
peer_car_m1_p1_mm,specz_ai_active,8.320751225799898e-05,0.0006374677493047619,0.13052819118888312,0.8961485515896648,20159,2598,4646,-0.0005674972285234686,0.2759065429832829,29,event_fe_peer_industry_week_fe
peer_car_0_p1_mm,specz_ai_active,-0.0006129529754687546,0.0005236162567039705,-1.1706148684671016,0.2417536181147042,20189,2599,4666,-0.00045161595824505177,0.27747783446431223,30,event_fe
peer_car_0_p1_mm,specz_ai_active,-0.0006129529754687545,0.0005236162567039704,-1.1706148684671018,0.2417536181147042,20189,2599,4666,-0.00045161595824505177,0.27747783446431223,30,event_fe_peer_industry_week_fe
peer_car_m1_p1_mm,specz_ai_active,-0.0004012706380043898,0.0006475162142806702,-0.6197074747389357,0.5354503936489383,20189,2599,4666,-0.0003814907665618557,0.27747783446431223,30,event_fe
peer_car_m1_p1_mm,specz_ai_active,-0.0004012706380043899,0.0006475162142806702,-0.619707474738936,0.5354503936489383,20189,2599,4666,-0.0003814907665618557,0.27747783446431223,30,event_fe_peer_industry_week_fe
peer_car_0_p1_mm,specz_ai_active,-0.0006233612997304283,0.0005205162539855838,-1.197582774711379,0.2310794852800806,20068,2598,4645,-0.001239159003304395,0.2739685070759418,31,event_fe
peer_car_0_p1_mm,specz_ai_active,-0.0006233612997304284,0.0005205162539855838,-1.1975827747113792,0.2310794852800806,20068,2598,4645,-0.001239159003304395,0.2739685070759418,31,event_fe_peer_industry_week_fe
peer_car_m1_p1_mm,specz_ai_active,-0.0012054557951032478,0.0006600370334852375,-1.8263456956922541,0.06779820616241339,20068,2598,4645,-0.0014812008975882813,0.2739685070759418,31,event_fe
peer_car_m1_p1_mm,specz_ai_active,-0.0012054557951032478,0.0006600370334852376,-1.826345695692254,0.06779820616241361,20068,2598,4645,-0.0014812008975882813,0.2739685070759418,31,event_fe_peer_industry_week_fe
peer_car_0_p1_mm,specz_ai_active,-0.0009712738753803108,0.0005503681852349031,-1.7647711140238975,0.07760224122930426,20176,2599,4655,-0.0008802093372745188,0.2757731958762887,32,event_fe
peer_car_0_p1_mm,specz_ai_active,-0.0009712738753803108,0.0005503681852349031,-1.7647711140238975,0.07760224122930426,20176,2599,4655,-0.0008802093372745188,0.2757731958762887,32,event_fe_peer_industry_week_fe
peer_car_m1_p1_mm,specz_ai_active,-0.001266789757894567,0.0006312963763124177,-2.0066482327908286,0.04478713171442017,20176,2599,4655,-0.0007050313313612522,0.2757731958762887,32,event_fe
peer_car_m1_p1_mm,specz_ai_active,-0.0012667897578945667,0.0006312963763124177,-2.006648232790828,0.04478713171442017,20176,2599,4655,-0.0007050313313612522,0.2757731958762887,32,event_fe_peer_industry_week_fe
peer_car_0_p1_mm,specz_ai_active,-0.0003654425230507787,0.000559503853142247,-0.6531546136785396,0.5136566066688575,20148,2599,4639,-0.0013084347814329238,0.2781913837601747,33,event_fe
peer_car_0_p1_mm,specz_ai_active,-0.0003654425230507786,0.000559503853142247,-0.6531546136785394,0.5136566066688575,20148,2599,4639,-0.0013084347814329238,0.2781913837601747,33,event_fe_peer_industry_week_fe
peer_car_m1_p1_mm,specz_ai_active,-0.0005069147123170562,0.0006655094839964472,-0.7616941974635516,0.4462425393056546,20148,2599,4639,-0.0011770294361342591,0.2781913837601747,33,event_fe
peer_car_m1_p1_mm,specz_ai_active,-0.0005069147123170562,0.0006655094839964472,-0.7616941974635516,0.4462425393056546,20148,2599,4639,-0.0011770294361342591,0.2781913837601747,33,event_fe_peer_industry_week_fe
peer_car_0_p1_mm,specz_ai_active,-6.180598456720982e-05,0.0005150627873919228,-0.11999699081382144,0.9044855317174605,20132,2597,4664,-0.0006223391061962954,0.2780151003377707,34,event_fe
peer_car_0_p1_mm,specz_ai_active,-6.18059845672099e-05,0.0005150627873919228,-0.11999699081382159,0.9044855317174605,20132,2597,4664,-0.0006223391061962954,0.2780151003377707,34,event_fe_peer_industry_week_fe
peer_car_m1_p1_mm,specz_ai_active,-4.138196207901823e-05,0.000609747743288958,-0.06786734766053477,0.9458912315932033,20132,2597,4664,-0.0003985680648435482,0.2780151003377707,34,event_fe
peer_car_m1_p1_mm,specz_ai_active,-4.138196207901836e-05,0.000609747743288958,-0.067867347660535,0.9458912315932031,20132,2597,4664,-0.0003985680648435482,0.2780151003377707,34,event_fe_peer_industry_week_fe
peer_car_0_p1_mm,specz_ai_active,-0.00024132886511464826,0.0005393465367007261,-0.44744676880822803,0.6545525139732589,20112,2600,4660,-0.000826922816972442,0.27709824980111375,35,event_fe
peer_car_0_p1_mm,specz_ai_active,-0.00024132886511464828,0.0005393465367007271,-0.44744676880822726,0.6545525139732593,20112,2600,4660,-0.000826922816972442,0.27709824980111375,35,event_fe_peer_industry_week_fe
peer_car_m1_p1_mm,specz_ai_active,-0.0004206429432338996,0.0006658488833094051,-0.6317393537452795,0.5275572081455562,20112,2600,4660,-0.0008847490286629116,0.27709824980111375,35,event_fe
peer_car_m1_p1_mm,specz_ai_active,-0.00042064294323390026,0.0006658488833094062,-0.6317393537452795,0.5275572081455562,20112,2600,4660,-0.0008847490286629116,0.27709824980111375,35,event_fe_peer_industry_week_fe
peer_car_0_p1_mm,specz_ai_active,-0.0010492426794525605,0.0005515179176621129,-1.9024634483323866,0.05711059300972887,20132,2598,4667,-0.000956187579221681,0.2766739519173455,36,event_fe
peer_car_0_p1_mm,specz_ai_active,-0.0010492426794525601,0.0005515179176621129,-1.9024634483323857,0.057110593009729094,20132,2598,4667,-0.000956187579221681,0.2766739519173455,36,event_fe_peer_industry_week_fe
peer_car_m1_p1_mm,specz_ai_active,-0.0009988722312948093,0.0006833800623655646,-1.4616642865423204,0.1438332284085062,20132,2598,4667,-0.0004845267434966016,0.2766739519173455,36,event_fe
peer_car_m1_p1_mm,specz_ai_active,-0.0009988722312948093,0.0006833800623655645,-1.4616642865423206,0.1438332284085062,20132,2598,4667,-0.0004845267434966016,0.2766739519173455,36,event_fe_peer_industry_week_fe
peer_car_0_p1_mm,specz_ai_active,-0.00014866533114246623,0.0005403423211754813,-0.2751317550308738,0.7832150156720037,20096,2598,4652,-0.0006161417638245968,0.27423367834394907,37,event_fe
peer_car_0_p1_mm,specz_ai_active,-0.00014866533114246618,0.0005403423211754813,-0.27513175503087367,0.7832150156720039,20096,2598,4652,-0.0006161417638245968,0.27423367834394907,37,event_fe_peer_industry_week_fe
peer_car_m1_p1_mm,specz_ai_active,-0.0001976705429504784,0.000710065768254946,-0.27838342839181296,0.7807180391659543,20096,2598,4652,-0.0002680568721058541,0.27423367834394907,37,event_fe
peer_car_m1_p1_mm,specz_ai_active,-0.00019767054295047836,0.000710065768254946,-0.2783834283918129,0.7807180391659543,20096,2598,4652,-0.0002680568721058541,0.27423367834394907,37,event_fe_peer_industry_week_fe
peer_car_0_p1_mm,specz_ai_active,-0.0004848328330954816,0.0005535240606457442,-0.8759020023987267,0.38108331087627967,20041,2597,4661,-0.0009387164020003315,0.2762836185819071,38,event_fe
peer_car_0_p1_mm,specz_ai_active,-0.00048483283309548136,0.0005535240606457442,-0.8759020023987263,0.38108331087627967,20041,2597,4661,-0.0009387164020003315,0.2762836185819071,38,event_fe_peer_industry_week_fe
peer_car_m1_p1_mm,specz_ai_active,-0.0011576686277872707,0.0006171390834186079,-1.8758634137614962,0.060674037607262976,20041,2597,4661,-0.0006808266827762131,0.2762836185819071,38,event_fe
peer_car_m1_p1_mm,specz_ai_active,-0.0011576686277872705,0.000617139083418608,-1.8758634137614956,0.0606740376072632,20041,2597,4661,-0.0006808266827762131,0.2762836185819071,38,event_fe_peer_industry_week_fe
peer_car_0_p1_mm,specz_ai_active,-0.0006080353933237125,0.0005226778245494599,-1.163308188649154,0.24470448451105442,20120,2599,4671,-0.0009301844112319694,0.27380715705765407,39,event_fe
peer_car_0_p1_mm,specz_ai_active,-0.0006080353933237126,0.0005226778245494599,-1.1633081886491543,0.24470448451105442,20120,2599,4671,-0.0009301844112319694,0.27380715705765407,39,event_fe_peer_industry_week_fe
peer_car_m1_p1_mm,specz_ai_active,-0.0003128006536523684,0.0006341700955676038,-0.4932440930889388,0.6218401259080468,20120,2599,4671,-0.0010189389721069586,0.27380715705765407,39,event_fe
peer_car_m1_p1_mm,specz_ai_active,-0.0003128006536523684,0.0006341700955676038,-0.4932440930889388,0.6218401259080468,20120,2599,4671,-0.0010189389721069586,0.27380715705765407,39,event_fe_peer_industry_week_fe
peer_car_0_p1_mm,specz_ai_active,0.0002568658388925972,0.0005502590153880495,0.46680896034288905,0.6406365645445884,20121,2599,4676,-0.0007953362192702827,0.2776203966005666,40,event_fe
peer_car_0_p1_mm,specz_ai_active,0.0002568658388925971,0.0005502590153880495,0.4668089603428889,0.6406365645445886,20121,2599,4676,-0.0007953362192702827,0.2776203966005666,40,event_fe_peer_industry_week_fe
peer_car_m1_p1_mm,specz_ai_active,0.00019896202219830454,0.0006357683521478984,0.3129473518556333,0.7543206615068732,20121,2599,4676,-0.000799369486222635,0.2776203966005666,40,event_fe
peer_car_m1_p1_mm,specz_ai_active,0.00019896202219830457,0.0006357683521478984,0.3129473518556333,0.7543206615068732,20121,2599,4676,-0.000799369486222635,0.2776203966005666,40,event_fe_peer_industry_week_fe
peer_car_0_p1_mm,specz_ai_active,0.00037587268875104515,0.000574996502046862,0.653695609300266,0.5133079325817409,20079,2599,4647,-0.00038215050352297824,0.2714278599531849,41,event_fe
peer_car_0_p1_mm,specz_ai_active,0.00037587268875104515,0.000574996502046862,0.653695609300266,0.5133079325817409,20079,2599,4647,-0.00038215050352297824,0.2714278599531849,41,event_fe_peer_industry_week_fe
peer_car_m1_p1_mm,specz_ai_active,0.0007490666302514139,0.0006861252229805559,1.0917345772502547,0.27494978237581824,20079,2599,4647,-8.680637473009551e-05,0.2714278599531849,41,event_fe
peer_car_m1_p1_mm,specz_ai_active,0.0007490666302514134,0.000686125222980556,1.0917345772502538,0.2749497823758187,20079,2599,4647,-8.680637473009551e-05,0.2714278599531849,41,event_fe_peer_industry_week_fe
peer_car_0_p1_mm,specz_ai_active,7.918355147451455e-05,0.0005595729045317759,0.1415071223664262,0.8874693338269193,20116,2599,4677,-0.0008722443963610562,0.2765460330085504,42,event_fe
peer_car_0_p1_mm,specz_ai_active,7.918355147451455e-05,0.0005595729045317759,0.1415071223664262,0.8874693338269193,20116,2599,4677,-0.0008722443963610562,0.2765460330085504,42,event_fe_peer_industry_week_fe
peer_car_m1_p1_mm,specz_ai_active,-6.288921613593209e-06,0.0006960786698539097,-0.009034785701612008,0.9927913820487213,20116,2599,4677,-0.0008535126350476717,0.2765460330085504,42,event_fe
peer_car_m1_p1_mm,specz_ai_active,-6.2889216135932055e-06,0.0006960786698539097,-0.009034785701612003,0.9927913820487213,20116,2599,4677,-0.0008535126350476717,0.2765460330085504,42,event_fe_peer_industry_week_fe
peer_car_0_p1_mm,specz_ai_active,-0.00035146135752027225,0.0005070590619946247,-0.6931369220337453,0.48822362877899916,20057,2597,4658,-0.0006889300313229246,0.27087799770653637,43,event_fe
peer_car_0_p1_mm,specz_ai_active,-0.000351461357520273,0.0005070590619946248,-0.6931369220337467,0.4882236287789983,20057,2597,4658,-0.0006889300313229246,0.27087799770653637,43,event_fe_peer_industry_week_fe
peer_car_m1_p1_mm,specz_ai_active,-0.000971649514545316,0.000640225597328622,-1.5176673950550856,0.12909826753606635,20057,2597,4658,-0.0007842862452594983,0.27087799770653637,43,event_fe
peer_car_m1_p1_mm,specz_ai_active,-0.0009716495145453155,0.0006402255973286222,-1.5176673950550845,0.12909826753606657,20057,2597,4658,-0.0007842862452594983,0.27087799770653637,43,event_fe_peer_industry_week_fe
peer_car_0_p1_mm,specz_ai_active,0.000638160355008922,0.0005870935230984447,1.0869824481131507,0.2770445666900976,20058,2598,4667,-0.0010495393511766862,0.27864193837870177,44,event_fe
peer_car_0_p1_mm,specz_ai_active,0.000638160355008922,0.0005870935230984447,1.0869824481131507,0.2770445666900976,20058,2598,4667,-0.0010495393511766862,0.27864193837870177,44,event_fe_peer_industry_week_fe
peer_car_m1_p1_mm,specz_ai_active,0.0005122570157811714,0.0006820840901192045,0.7510173938988178,0.45264218780591126,20058,2598,4667,-0.0010651055466701002,0.27864193837870177,44,event_fe
peer_car_m1_p1_mm,specz_ai_active,0.0005122570157811711,0.0006820840901192045,0.7510173938988174,0.4526421878059117,20058,2598,4667,-0.0010651055466701002,0.27864193837870177,44,event_fe_peer_industry_week_fe
peer_car_0_p1_mm,specz_ai_active,-0.0006965911198675223,0.0005482038142643187,-1.2706790827465093,0.20384283995898245,20092,2598,4666,-0.00062037307372976,0.2751841528966753,45,event_fe
peer_car_0_p1_mm,specz_ai_active,-0.0006965911198675226,0.0005482038142643187,-1.27067908274651,0.20384283995898222,20092,2598,4666,-0.00062037307372976,0.2751841528966753,45,event_fe_peer_industry_week_fe
peer_car_m1_p1_mm,specz_ai_active,-0.0008108525371483552,0.0006569535152449052,-1.2342616613385167,0.21710541712352827,20092,2598,4666,-0.0006533346317734364,0.2751841528966753,45,event_fe
peer_car_m1_p1_mm,specz_ai_active,-0.0008108525371483555,0.0006569535152449051,-1.2342616613385173,0.21710541712352804,20092,2598,4666,-0.0006533346317734364,0.2751841528966753,45,event_fe_peer_industry_week_fe
peer_car_0_p1_mm,specz_ai_active,-0.0009446993724535137,0.0004833704800231297,-1.954400219906497,0.050653904723480636,20148,2598,4663,-0.0005544505224814255,0.27670240222354575,46,event_fe
peer_car_0_p1_mm,specz_ai_active,-0.0009446993724535137,0.0004833704800231297,-1.954400219906497,0.050653904723480636,20148,2598,4663,-0.0005544505224814255,0.27670240222354575,46,event_fe_peer_industry_week_fe
peer_car_m1_p1_mm,specz_ai_active,-0.0008829770263141389,0.0006244013151903441,-1.4141178194747555,0.15732731191839244,20148,2598,4663,-0.0002781943449060342,0.27670240222354575,46,event_fe
peer_car_m1_p1_mm,specz_ai_active,-0.0008829770263141387,0.0006244013151903441,-1.414117819474755,0.15732731191839244,20148,2598,4663,-0.0002781943449060342,0.27670240222354575,46,event_fe_peer_industry_week_fe
peer_car_0_p1_mm,specz_ai_active,-0.000525177966814757,0.000528407280995844,-0.9938885887889337,0.3202771104522921,20051,2598,4668,-0.0009245404289801366,0.27315345868036506,47,event_fe
peer_car_0_p1_mm,specz_ai_active,-0.000525177966814757,0.000528407280995844,-0.9938885887889337,0.3202771104522921,20051,2598,4668,-0.0009245404289801366,0.27315345868036506,47,event_fe_peer_industry_week_fe
peer_car_m1_p1_mm,specz_ai_active,-7.365585981347863e-05,0.0006443858756097303,-0.11430396382258386,0.9089968404199962,20051,2598,4668,-0.0007511719290935617,0.27315345868036506,47,event_fe
peer_car_m1_p1_mm,specz_ai_active,-7.365585981347863e-05,0.0006443858756097303,-0.11430396382258386,0.9089968404199962,20051,2598,4668,-0.0007511719290935617,0.27315345868036506,47,event_fe_peer_industry_week_fe
peer_car_0_p1_mm,specz_ai_active,0.00034038915266371606,0.00048556110218475384,0.7010222835646326,0.4832891088023348,20219,2599,4662,-0.0010244210998059345,0.27390078638904003,48,event_fe
peer_car_0_p1_mm,specz_ai_active,0.00034038915266371595,0.0004855611021847539,0.7010222835646323,0.483289108802335,20219,2599,4662,-0.0010244210998059345,0.27390078638904003,48,event_fe_peer_industry_week_fe
peer_car_m1_p1_mm,specz_ai_active,0.00027092902211579373,0.0005740053366651477,0.4719973923758885,0.6369286498551194,20219,2599,4662,-0.0013081272293940663,0.27390078638904003,48,event_fe
peer_car_m1_p1_mm,specz_ai_active,0.00027092902211579357,0.0005740053366651477,0.4719973923758882,0.6369286498551197,20219,2599,4662,-0.0013081272293940663,0.27390078638904003,48,event_fe_peer_industry_week_fe
peer_car_0_p1_mm,specz_ai_active,0.0006252546117914929,0.0005462621665147097,1.1446053747063885,0.25237266485662957,20166,2599,4647,-0.0009325478847784507,0.27308340771595757,49,event_fe
peer_car_0_p1_mm,specz_ai_active,0.0006252546117914929,0.0005462621665147097,1.1446053747063885,0.25237266485662957,20166,2599,4647,-0.0009325478847784507,0.27308340771595757,49,event_fe_peer_industry_week_fe
peer_car_m1_p1_mm,specz_ai_active,0.0009345513614073424,0.0006525205809367456,1.4322174483228083,0.15208159971908009,20166,2599,4647,-0.0007867889144301035,0.27308340771595757,49,event_fe
peer_car_m1_p1_mm,specz_ai_active,0.0009345513614073425,0.0006525205809367456,1.4322174483228085,0.15208159971907986,20166,2599,4647,-0.0007867889144301035,0.27308340771595757,49,event_fe_peer_industry_week_fe
peer_car_0_p1_mm,specz_ai_active,0.000663331472586833,0.00051868400516569,1.2788739694699789,0.20094144050752982,20167,2599,4656,-7.252849480860005e-05,0.2758962661774186,50,event_fe
peer_car_0_p1_mm,specz_ai_active,0.0006633314725868332,0.00051868400516569,1.2788739694699793,0.20094144050752982,20167,2599,4656,-7.252849480860005e-05,0.2758962661774186,50,event_fe_peer_industry_week_fe
peer_car_m1_p1_mm,specz_ai_active,0.0003428293397462561,0.0006458835506190873,0.5307912539615693,0.595563441447827,20167,2599,4656,0.0001943798829553382,0.2758962661774186,50,event_fe
peer_car_m1_p1_mm,specz_ai_active,0.00034282933974625625,0.0006458835506190873,0.5307912539615696,0.5955634414478266,20167,2599,4656,0.0001943798829553382,0.2758962661774186,50,event_fe_peer_industry_week_fe
peer_car_0_p1_mm,specz_ai_active,4.562199534846394e-06,0.0005409077036530358,0.008434340099124948,0.9932704500423339,20243,2599,4672,-0.0008532356449583558,0.2783678308551104,51,event_fe
peer_car_0_p1_mm,specz_ai_active,4.562199534846448e-06,0.0005409077036530359,0.008434340099125047,0.9932704500423339,20243,2599,4672,-0.0008532356449583558,0.2783678308551104,51,event_fe_peer_industry_week_fe
peer_car_m1_p1_mm,specz_ai_active,0.00021988058187403476,0.0006586615680942116,0.33382937843214827,0.7385083131292949,20243,2599,4672,-0.0008866616004827396,0.2783678308551104,51,event_fe
peer_car_m1_p1_mm,specz_ai_active,0.00021988058187403486,0.0006586615680942116,0.33382937843214844,0.7385083131292947,20243,2599,4672,-0.0008866616004827396,0.2783678308551104,51,event_fe_peer_industry_week_fe
peer_car_0_p1_mm,specz_ai_active,-0.0001496602329795977,0.0005169641800027782,-0.28949826461630945,0.7722001077023961,20061,2598,4664,-0.0004980351924867184,0.274213648372464,52,event_fe
peer_car_0_p1_mm,specz_ai_active,-0.00014966023297959783,0.0005169641800027782,-0.2894982646163097,0.7722001077023959,20061,2598,4664,-0.0004980351924867184,0.274213648372464,52,event_fe_peer_industry_week_fe
peer_car_m1_p1_mm,specz_ai_active,9.926147715492019e-05,0.000630104475847273,0.15753177601452167,0.8748257668867578,20061,2598,4664,-0.00048436682215918873,0.274213648372464,52,event_fe
peer_car_m1_p1_mm,specz_ai_active,9.926147715492019e-05,0.000630104475847273,0.15753177601452167,0.8748257668867578,20061,2598,4664,-0.00048436682215918873,0.274213648372464,52,event_fe_peer_industry_week_fe
peer_car_0_p1_mm,specz_ai_active,0.00013374585418755603,0.0005095049460021021,0.2625015816568819,0.7929347661173305,20063,2600,4646,-0.0005882375144520085,0.2792204555649703,53,event_fe
peer_car_0_p1_mm,specz_ai_active,0.000133745854187556,0.0005095049460021021,0.26250158165688187,0.7929347661173307,20063,2600,4646,-0.0005882375144520085,0.2792204555649703,53,event_fe_peer_industry_week_fe
peer_car_m1_p1_mm,specz_ai_active,-0.0006686187178284568,0.0006053024884214471,-1.104602625328917,0.2693318130108149,20063,2600,4646,-0.0005298720918952587,0.2792204555649703,53,event_fe
peer_car_m1_p1_mm,specz_ai_active,-0.0006686187178284565,0.0006053024884214469,-1.1046026253289167,0.2693318130108149,20063,2600,4646,-0.0005298720918952587,0.2792204555649703,53,event_fe_peer_industry_week_fe
peer_car_0_p1_mm,specz_ai_active,-0.0004974175232354601,0.0005256970730688308,-0.9462056167284993,0.3440437219117758,20271,2598,4679,-0.0010221606201592367,0.2802032460164767,54,event_fe
peer_car_0_p1_mm,specz_ai_active,-0.0004974175232354602,0.0005256970730688308,-0.9462056167284996,0.3440437219117758,20271,2598,4679,-0.0010221606201592367,0.2802032460164767,54,event_fe_peer_industry_week_fe
peer_car_m1_p1_mm,specz_ai_active,-0.0005576342331381768,0.0006426755512714625,-0.8676761268340755,0.3855716585237179,20271,2598,4679,-0.0009527888504447538,0.2802032460164767,54,event_fe
peer_car_m1_p1_mm,specz_ai_active,-0.0005576342331381768,0.0006426755512714625,-0.8676761268340755,0.3855716585237179,20271,2598,4679,-0.0009527888504447538,0.2802032460164767,54,event_fe_peer_industry_week_fe
peer_car_0_p1_mm,specz_ai_active,-0.00023708693713053448,0.0005097348586010492,-0.4651181553115906,0.6418468452260839,20092,2597,4644,-0.0007279242678519148,0.2798128608401354,55,event_fe
peer_car_0_p1_mm,specz_ai_active,-0.00023708693713053454,0.0005097348586010492,-0.46511815531159073,0.6418468452260839,20092,2597,4644,-0.0007279242678519148,0.2798128608401354,55,event_fe_peer_industry_week_fe
peer_car_m1_p1_mm,specz_ai_active,0.00038840324627630843,0.0006252033987455787,0.621243017961209,0.5344397392604621,20092,2597,4644,-0.000604279839135128,0.2798128608401354,55,event_fe
peer_car_m1_p1_mm,specz_ai_active,0.0003884032462763086,0.0006252033987455787,0.6212430179612092,0.5344397392604621,20092,2597,4644,-0.000604279839135128,0.2798128608401354,55,event_fe_peer_industry_week_fe
peer_car_0_p1_mm,specz_ai_active,-0.0007800397767894806,0.0005345167858861424,-1.459336352732685,0.14447255453068486,20182,2600,4662,-0.00033768648835309084,0.2777227232187097,56,event_fe
peer_car_0_p1_mm,specz_ai_active,-0.0007800397767894807,0.0005345167858861425,-1.459336352732685,0.14447255453068486,20182,2600,4662,-0.00033768648835309084,0.2777227232187097,56,event_fe_peer_industry_week_fe
peer_car_m1_p1_mm,specz_ai_active,-0.0011130196394697073,0.0006443650247894431,-1.7273123100270762,0.08411158955853781,20182,2600,4662,-0.00025723804657931036,0.2777227232187097,56,event_fe
peer_car_m1_p1_mm,specz_ai_active,-0.0011130196394697073,0.000644365024789443,-1.7273123100270766,0.08411158955853759,20182,2600,4662,-0.00025723804657931036,0.2777227232187097,56,event_fe_peer_industry_week_fe
peer_car_0_p1_mm,specz_ai_active,-0.0007629939647593814,0.0005553740966732752,-1.3738378677179257,0.16949202214952974,20106,2598,4675,-0.0007015002138296485,0.2766338406445837,57,event_fe
peer_car_0_p1_mm,specz_ai_active,-0.0007629939647593814,0.0005553740966732752,-1.3738378677179257,0.16949202214952974,20106,2598,4675,-0.0007015002138296485,0.2766338406445837,57,event_fe_peer_industry_week_fe
peer_car_m1_p1_mm,specz_ai_active,-0.000590850544301323,0.0006555177164663672,-0.9013494669318184,0.36740254034494546,20106,2598,4675,-0.0009360823955854731,0.2766338406445837,57,event_fe
peer_car_m1_p1_mm,specz_ai_active,-0.000590850544301323,0.0006555177164663672,-0.9013494669318184,0.36740254034494546,20106,2598,4675,-0.0009360823955854731,0.2766338406445837,57,event_fe_peer_industry_week_fe
peer_car_0_p1_mm,specz_ai_active,0.0005404938412667451,0.0005248561012902145,1.029794337796759,0.3031065593018616,20168,2600,4679,-0.0009932866135361229,0.2782130107100357,58,event_fe
peer_car_0_p1_mm,specz_ai_active,0.000540493841266745,0.0005248561012902145,1.0297943377967589,0.3031065593018616,20168,2600,4679,-0.0009932866135361229,0.2782130107100357,58,event_fe_peer_industry_week_fe
peer_car_m1_p1_mm,specz_ai_active,0.00013572114681940212,0.0006475386361073187,0.20959544226625668,0.833983437178722,20168,2600,4679,-0.0010012557587407232,0.2782130107100357,58,event_fe
peer_car_m1_p1_mm,specz_ai_active,0.00013572114681940193,0.0006475386361073187,0.2095954422662564,0.8339834371787223,20168,2600,4679,-0.0010012557587407232,0.2782130107100357,58,event_fe_peer_industry_week_fe
peer_car_0_p1_mm,specz_ai_active,-0.00031707753087864343,0.0005712939754027607,-0.5550164092927895,0.5788834366124873,20142,2600,4654,-0.0005736522738013573,0.2775791877668553,59,event_fe
peer_car_0_p1_mm,specz_ai_active,-0.00031707753087864375,0.0005712939754027609,-0.5550164092927898,0.5788834366124871,20142,2600,4654,-0.0005736522738013573,0.2775791877668553,59,event_fe_peer_industry_week_fe
peer_car_m1_p1_mm,specz_ai_active,-0.00010339810696733862,0.0007038068428352,-0.14691261959149468,0.8832009910128815,20142,2600,4654,-0.0005216603985739191,0.2775791877668553,59,event_fe
peer_car_m1_p1_mm,specz_ai_active,-0.0001033981069673384,0.0007038068428352002,-0.14691261959149432,0.8832009910128817,20142,2600,4654,-0.0005216603985739191,0.2775791877668553,59,event_fe_peer_industry_week_fe
peer_car_0_p1_mm,specz_ai_active,0.0005675482945902782,0.0006062228250650072,0.9362041004137682,0.3491681124148378,20152,2600,4682,-0.0006389745028055745,0.27813616514489875,60,event_fe
peer_car_0_p1_mm,specz_ai_active,0.0005675482945902782,0.0006062228250650072,0.9362041004137682,0.3491681124148378,20152,2600,4682,-0.0006389745028055745,0.27813616514489875,60,event_fe_peer_industry_week_fe
peer_car_m1_p1_mm,specz_ai_active,0.0002545722658305662,0.0007074804337379648,0.3598294082643905,0.7189747095990406,20152,2600,4682,-0.00046562791872692145,0.27813616514489875,60,event_fe
peer_car_m1_p1_mm,specz_ai_active,0.0002545722658305662,0.0007074804337379648,0.3598294082643905,0.7189747095990406,20152,2600,4682,-0.00046562791872692145,0.27813616514489875,60,event_fe_peer_industry_week_fe
peer_car_0_p1_mm,specz_ai_active,-0.00017095994514331587,0.0005190624435959034,-0.3293629644228514,0.741881357628305,20141,2598,4652,-0.0009249452768029528,0.2802244178541284,61,event_fe
peer_car_0_p1_mm,specz_ai_active,-0.0001709599451433162,0.0005190624435959032,-0.3293629644228522,0.7418813576283045,20141,2598,4652,-0.0009249452768029528,0.2802244178541284,61,event_fe_peer_industry_week_fe
peer_car_m1_p1_mm,specz_ai_active,-0.0006864025274895369,0.0006137674010146012,-1.1183430829901762,0.2634204931035422,20141,2598,4652,-0.0008193312329054168,0.2802244178541284,61,event_fe
peer_car_m1_p1_mm,specz_ai_active,-0.0006864025274895373,0.0006137674010146012,-1.1183430829901768,0.263420493103542,20141,2598,4652,-0.0008193312329054168,0.2802244178541284,61,event_fe_peer_industry_week_fe
peer_car_0_p1_mm,specz_ai_active,0.0004991880576867749,0.0005168225081060029,0.9658790974799977,0.3341046828670513,20033,2598,4657,-0.000863082164404651,0.27444716218239906,62,event_fe
peer_car_0_p1_mm,specz_ai_active,0.0004991880576867748,0.0005168225081060029,0.9658790974799975,0.3341046828670513,20033,2598,4657,-0.000863082164404651,0.27444716218239906,62,event_fe_peer_industry_week_fe
peer_car_m1_p1_mm,specz_ai_active,-0.00013601857855824072,0.0006387829000662949,-0.21293396949749951,0.831378466090134,20033,2598,4657,-0.0006134477327527675,0.27444716218239906,62,event_fe
peer_car_m1_p1_mm,specz_ai_active,-0.00013601857855824066,0.0006387829000662949,-0.21293396949749943,0.831378466090134,20033,2598,4657,-0.0006134477327527675,0.27444716218239906,62,event_fe_peer_industry_week_fe
peer_car_0_p1_mm,specz_ai_active,-0.0002117181225850898,0.000555266994936193,-0.38129066650075033,0.702987578566455,20073,2599,4664,-0.00042218314766303357,0.2793304438798386,63,event_fe
peer_car_0_p1_mm,specz_ai_active,-0.00021171812258508968,0.000555266994936193,-0.38129066650075016,0.7029875785664552,20073,2599,4664,-0.00042218314766303357,0.2793304438798386,63,event_fe_peer_industry_week_fe
peer_car_m1_p1_mm,specz_ai_active,-0.0002338345031941555,0.0006656267199797298,-0.35129975431466515,0.7253634792405688,20073,2599,4664,-0.00020528754958649338,0.2793304438798386,63,event_fe
peer_car_m1_p1_mm,specz_ai_active,-0.00023383450319415535,0.0006656267199797298,-0.3512997543146649,0.7253634792405692,20073,2599,4664,-0.00020528754958649338,0.2793304438798386,63,event_fe_peer_industry_week_fe
peer_car_0_p1_mm,specz_ai_active,0.0003573934960225452,0.0005440398579352128,0.6569252065077656,0.5112290096050662,20067,2599,4652,-0.000605702511763974,0.27667314496436934,64,event_fe
peer_car_0_p1_mm,specz_ai_active,0.0003573934960225451,0.0005440398579352128,0.6569252065077655,0.5112290096050665,20067,2599,4652,-0.000605702511763974,0.27667314496436934,64,event_fe_peer_industry_week_fe
peer_car_m1_p1_mm,specz_ai_active,0.000603577626579609,0.0006440694393266474,0.9371312931888662,0.3486910263253695,20067,2599,4652,-0.0005850994353029982,0.27667314496436934,64,event_fe
peer_car_m1_p1_mm,specz_ai_active,0.0006035776265796088,0.0006440694393266474,0.9371312931888659,0.3486910263253695,20067,2599,4652,-0.0005850994353029982,0.27667314496436934,64,event_fe_peer_industry_week_fe
peer_car_0_p1_mm,specz_ai_active,0.0002834229202688062,0.0005091393375305294,0.5566706388146868,0.5777524810434467,20115,2597,4674,-0.0009851772122334798,0.27805120556798407,65,event_fe
peer_car_0_p1_mm,specz_ai_active,0.0002834229202688062,0.0005091393375305294,0.5566706388146868,0.5777524810434467,20115,2597,4674,-0.0009851772122334798,0.27805120556798407,65,event_fe_peer_industry_week_fe
peer_car_m1_p1_mm,specz_ai_active,0.00019822501222752792,0.0006394561378163444,0.30999000635827706,0.7565685560596593,20115,2597,4674,-0.0009480950392430812,0.27805120556798407,65,event_fe
peer_car_m1_p1_mm,specz_ai_active,0.00019822501222752784,0.0006394561378163444,0.30999000635827695,0.7565685560596593,20115,2597,4674,-0.0009480950392430812,0.27805120556798407,65,event_fe_peer_industry_week_fe
peer_car_0_p1_mm,specz_ai_active,0.0005242407844049239,0.0005361748783946973,0.9777421612413024,0.32820186371483695,20163,2600,4652,-0.000787381048601084,0.27709170262361754,66,event_fe
peer_car_0_p1_mm,specz_ai_active,0.0005242407844049239,0.0005361748783946975,0.9777421612413021,0.32820186371483695,20163,2600,4652,-0.000787381048601084,0.27709170262361754,66,event_fe_peer_industry_week_fe
peer_car_m1_p1_mm,specz_ai_active,-0.00013006130660678022,0.0006149141097268526,-0.21151133881860995,0.8324882852553215,20163,2600,4652,-0.0008275269506437822,0.27709170262361754,66,event_fe
peer_car_m1_p1_mm,specz_ai_active,-0.00013006130660678033,0.0006149141097268528,-0.2115113388186101,0.8324882852553213,20163,2600,4652,-0.0008275269506437822,0.27709170262361754,66,event_fe_peer_industry_week_fe
peer_car_0_p1_mm,specz_ai_active,-0.000802467890591204,0.0005403199636349239,-1.4851716475414274,0.13749836051182407,20210,2598,4661,-0.00040406969377894983,0.27580405739732805,67,event_fe
peer_car_0_p1_mm,specz_ai_active,-0.0008024678905912044,0.0005403199636349239,-1.485171647541428,0.13749836051182407,20210,2598,4661,-0.00040406969377894983,0.27580405739732805,67,event_fe_peer_industry_week_fe
peer_car_m1_p1_mm,specz_ai_active,-0.0016813989940272418,0.0006587197532019734,-2.552525540420069,0.010694506831427475,20210,2598,4661,-0.00036772752410072385,0.27580405739732805,67,event_fe
peer_car_m1_p1_mm,specz_ai_active,-0.0016813989940272418,0.0006587197532019734,-2.552525540420069,0.010694506831427475,20210,2598,4661,-0.00036772752410072385,0.27580405739732805,67,event_fe_peer_industry_week_fe
peer_car_0_p1_mm,specz_ai_active,-0.0004266914353946336,0.0005487391876377011,-0.7775851351741838,0.43681362704148974,20063,2599,4655,-0.0009618362304722815,0.27378756915715496,68,event_fe
peer_car_0_p1_mm,specz_ai_active,-0.00042669143539463336,0.0005487391876377012,-0.7775851351741833,0.4368136270414902,20063,2599,4655,-0.0009618362304722815,0.27378756915715496,68,event_fe_peer_industry_week_fe
peer_car_m1_p1_mm,specz_ai_active,-0.0007462971073080298,0.0006282290876970724,-1.1879378429352334,0.23485789904003163,20063,2599,4655,-0.000922897960482985,0.27378756915715496,68,event_fe
peer_car_m1_p1_mm,specz_ai_active,-0.00074629710730803,0.0006282290876970724,-1.1879378429352339,0.23485789904003163,20063,2599,4655,-0.000922897960482985,0.27378756915715496,68,event_fe_peer_industry_week_fe
peer_car_0_p1_mm,specz_ai_active,-0.00019694145958351497,0.0005354047763568023,-0.36783657576537954,0.7129950945985972,20125,2598,4654,-0.0006580895336089825,0.27448447204968945,69,event_fe
peer_car_0_p1_mm,specz_ai_active,-0.00019694145958351514,0.0005354047763568023,-0.3678365757653798,0.712995094598597,20125,2598,4654,-0.0006580895336089825,0.27448447204968945,69,event_fe_peer_industry_week_fe
peer_car_m1_p1_mm,specz_ai_active,-0.00030358691923233907,0.0006594443519947961,-0.46036776009074803,0.6452522717813318,20125,2598,4654,-0.0005561115007181848,0.27448447204968945,69,event_fe
peer_car_m1_p1_mm,specz_ai_active,-0.000303586919232339,0.0006594443519947961,-0.4603677600907479,0.6452522717813318,20125,2598,4654,-0.0005561115007181848,0.27448447204968945,69,event_fe_peer_industry_week_fe
peer_car_0_p1_mm,specz_ai_active,-0.00034462945561766485,0.0005625126519520084,-0.612660807577831,0.5401006422369816,20134,2597,4666,-0.00045741256370438344,0.2778384821694646,70,event_fe
peer_car_0_p1_mm,specz_ai_active,-0.00034462945561766496,0.0005625126519520084,-0.6126608075778313,0.5401006422369814,20134,2597,4666,-0.00045741256370438344,0.2778384821694646,70,event_fe_peer_industry_week_fe
peer_car_m1_p1_mm,specz_ai_active,-0.0002572181576371861,0.0006457157561176563,-0.39834579720293867,0.6903753063964957,20134,2597,4666,-0.00045720919016034047,0.2778384821694646,70,event_fe
peer_car_m1_p1_mm,specz_ai_active,-0.0002572181576371861,0.0006457157561176563,-0.39834579720293867,0.6903753063964957,20134,2597,4666,-0.00045720919016034047,0.2778384821694646,70,event_fe_peer_industry_week_fe
peer_car_0_p1_mm,specz_ai_active,-0.0012864120302454095,0.0005326478411975065,-2.4151267136524566,0.015729736437215536,20265,2599,4670,-0.0006271107919534238,0.27342709104367136,71,event_fe
peer_car_0_p1_mm,specz_ai_active,-0.0012864120302454095,0.0005326478411975065,-2.4151267136524566,0.015729736437215536,20265,2599,4670,-0.0006271107919534238,0.27342709104367136,71,event_fe_peer_industry_week_fe
peer_car_m1_p1_mm,specz_ai_active,-0.00133915326836334,0.0006184794473210211,-2.165234874277486,0.030369702894027295,20265,2599,4670,-0.00030460084390209824,0.27342709104367136,71,event_fe
peer_car_m1_p1_mm,specz_ai_active,-0.00133915326836334,0.0006184794473210211,-2.165234874277486,0.030369702894027295,20265,2599,4670,-0.00030460084390209824,0.27342709104367136,71,event_fe_peer_industry_week_fe
peer_car_0_p1_mm,specz_ai_active,0.0005042455801937057,0.0005377022230163629,0.9377784926478926,0.3483582560670282,20164,2596,4679,-0.0006524660018235521,0.2735568339615156,72,event_fe
peer_car_0_p1_mm,specz_ai_active,0.0005042455801937057,0.0005377022230163631,0.9377784926478921,0.3483582560670284,20164,2596,4679,-0.0006524660018235521,0.2735568339615156,72,event_fe_peer_industry_week_fe
peer_car_m1_p1_mm,specz_ai_active,0.0003044358964462243,0.0005986628745643995,0.5085264334584614,0.6110842062203741,20164,2596,4679,-0.0004626804466918494,0.2735568339615156,72,event_fe
peer_car_m1_p1_mm,specz_ai_active,0.00030443589644622425,0.0005986628745643994,0.5085264334584614,0.6110842062203741,20164,2596,4679,-0.0004626804466918494,0.2735568339615156,72,event_fe_peer_industry_week_fe
peer_car_0_p1_mm,specz_ai_active,-0.0005122074244555451,0.0005172223238943106,-0.9903041705527965,0.32202546871025906,20080,2600,4640,-0.0011518506903386862,0.2782868525896414,73,event_fe
peer_car_0_p1_mm,specz_ai_active,-0.0005122074244555447,0.0005172223238943106,-0.9903041705527957,0.3220254687102593,20080,2600,4640,-0.0011518506903386862,0.2782868525896414,73,event_fe_peer_industry_week_fe
peer_car_m1_p1_mm,specz_ai_active,0.00013586708111975704,0.0005968463805806889,0.2276416269586289,0.8199248558114434,20080,2600,4640,-0.0009979054945946481,0.2782868525896414,73,event_fe
peer_car_m1_p1_mm,specz_ai_active,0.00013586708111975714,0.0005968463805806889,0.2276416269586291,0.8199248558114431,20080,2600,4640,-0.0009979054945946481,0.2782868525896414,73,event_fe_peer_industry_week_fe
peer_car_0_p1_mm,specz_ai_active,-0.00011154228543145589,0.0005315977819468416,-0.2098245877229974,0.8338045819886792,20157,2598,4650,-0.0011480765556462034,0.27851366770848834,74,event_fe
peer_car_0_p1_mm,specz_ai_active,-0.00011154228543145592,0.0005315977819468415,-0.20982458772299747,0.833804581988679,20157,2598,4650,-0.0011480765556462034,0.27851366770848834,74,event_fe_peer_industry_week_fe
peer_car_m1_p1_mm,specz_ai_active,-2.5340041698155797e-05,0.0006138123139865517,-0.04128304551855404,0.9670702492633694,20157,2598,4650,-0.0008746074897481429,0.27851366770848834,74,event_fe
peer_car_m1_p1_mm,specz_ai_active,-2.534004169815583e-05,0.0006138123139865517,-0.04128304551855409,0.9670702492633694,20157,2598,4650,-0.0008746074897481429,0.27851366770848834,74,event_fe_peer_industry_week_fe
peer_car_0_p1_mm,specz_ai_active,-0.0013485799991914012,0.0005658771681527042,-2.3831673640302826,0.01716438877301929,20191,2599,4655,-0.0010112653226866412,0.2791837947600416,75,event_fe
peer_car_0_p1_mm,specz_ai_active,-0.0013485799991914016,0.0005658771681527042,-2.3831673640302835,0.01716438877301929,20191,2599,4655,-0.0010112653226866412,0.2791837947600416,75,event_fe_peer_industry_week_fe
peer_car_m1_p1_mm,specz_ai_active,-0.0013943368426687047,0.0006783700356358286,-2.0554222171116514,0.039838241419560605,20191,2599,4655,-0.000811843488740467,0.2791837947600416,75,event_fe
peer_car_m1_p1_mm,specz_ai_active,-0.0013943368426687047,0.0006783700356358286,-2.0554222171116514,0.039838241419560605,20191,2599,4655,-0.000811843488740467,0.2791837947600416,75,event_fe_peer_industry_week_fe
peer_car_0_p1_mm,specz_ai_active,-0.0006757471684503907,0.0005834420948763756,-1.158207771404587,0.2467792576743475,20011,2598,4665,-0.0008574466540296332,0.27444905302083855,76,event_fe
peer_car_0_p1_mm,specz_ai_active,-0.0006757471684503909,0.000583442094876376,-1.1582077714045869,0.24677925767434772,20011,2598,4665,-0.0008574466540296332,0.27444905302083855,76,event_fe_peer_industry_week_fe
peer_car_m1_p1_mm,specz_ai_active,-0.0010145458321229842,0.000737550411961824,-1.3755613388166579,0.16895748305248182,20011,2598,4665,-0.0006338166424452973,0.27444905302083855,76,event_fe
peer_car_m1_p1_mm,specz_ai_active,-0.0010145458321229837,0.0007375504119618247,-1.375561338816656,0.16895748305248226,20011,2598,4665,-0.0006338166424452973,0.27444905302083855,76,event_fe_peer_industry_week_fe
peer_car_0_p1_mm,specz_ai_active,-0.0001926571269301519,0.0005005601167415341,-0.38488309493029593,0.7003240312125663,20007,2599,4658,-0.0006576508454399633,0.27600339881041636,77,event_fe
peer_car_0_p1_mm,specz_ai_active,-0.00019265712693015185,0.0005005601167415341,-0.3848830949302958,0.7003240312125663,20007,2599,4658,-0.0006576508454399633,0.27600339881041636,77,event_fe_peer_industry_week_fe
peer_car_m1_p1_mm,specz_ai_active,-0.0005174557213348352,0.0006142146492945163,-0.8424672415892099,0.3995264686001707,20007,2599,4658,-0.0006194322868843496,0.27600339881041636,77,event_fe
peer_car_m1_p1_mm,specz_ai_active,-0.0005174557213348352,0.0006142146492945163,-0.8424672415892099,0.3995264686001707,20007,2599,4658,-0.0006194322868843496,0.27600339881041636,77,event_fe_peer_industry_week_fe
peer_car_0_p1_mm,specz_ai_active,0.00026885483511724257,0.0005067687612043762,0.5305276404139192,0.5957461501543253,20180,2598,4664,-0.0009903819462663682,0.27393458870168486,78,event_fe
peer_car_0_p1_mm,specz_ai_active,0.0002688548351172424,0.0005067687612043761,0.530527640413919,0.5957461501543255,20180,2598,4664,-0.0009903819462663682,0.27393458870168486,78,event_fe_peer_industry_week_fe
peer_car_m1_p1_mm,specz_ai_active,0.0006353049009510123,0.000638184004176266,0.9954886001428853,0.3194986859947393,20180,2598,4664,-0.0008909797611210711,0.27393458870168486,78,event_fe
peer_car_m1_p1_mm,specz_ai_active,0.0006353049009510125,0.000638184004176266,0.9954886001428856,0.3194986859947391,20180,2598,4664,-0.0008909797611210711,0.27393458870168486,78,event_fe_peer_industry_week_fe
peer_car_0_p1_mm,specz_ai_active,0.00023362352195008295,0.0005575285113193253,0.4190342147655203,0.6751911272901014,20253,2598,4660,-0.0006703339769175652,0.27576161556312645,79,event_fe
peer_car_0_p1_mm,specz_ai_active,0.0002336235219500829,0.0005575285113193253,0.41903421476552016,0.6751911272901017,20253,2598,4660,-0.0006703339769175652,0.27576161556312645,79,event_fe_peer_industry_week_fe
peer_car_m1_p1_mm,specz_ai_active,0.00016736471677408754,0.0006329364080223332,0.2644258011591301,0.7914518323845487,20253,2598,4660,-0.000702054981910738,0.27576161556312645,79,event_fe
peer_car_m1_p1_mm,specz_ai_active,0.00016736471677408752,0.0006329364080223332,0.2644258011591301,0.7914518323845487,20253,2598,4660,-0.000702054981910738,0.27576161556312645,79,event_fe_peer_industry_week_fe
peer_car_0_p1_mm,specz_ai_active,-0.0005079981098682812,0.0005099250048465056,-0.9962212188853056,0.3191426718080832,20049,2599,4633,-0.0002793805256658367,0.2735298518629358,80,event_fe
peer_car_0_p1_mm,specz_ai_active,-0.0005079981098682813,0.0005099250048465056,-0.9962212188853058,0.3191426718080832,20049,2599,4633,-0.0002793805256658367,0.2735298518629358,80,event_fe_peer_industry_week_fe
peer_car_m1_p1_mm,specz_ai_active,0.0003401006284861152,0.0006509983555863123,0.5224293203933034,0.6013714458358117,20049,2599,4633,-0.0002606164830196367,0.2735298518629358,80,event_fe
peer_car_m1_p1_mm,specz_ai_active,0.00034010062848611496,0.0006509983555863123,0.522429320393303,0.6013714458358119,20049,2599,4633,-0.0002606164830196367,0.2735298518629358,80,event_fe_peer_industry_week_fe
peer_car_0_p1_mm,specz_ai_active,-0.0008392342460492267,0.0005399943123138286,-1.5541538622012168,0.12014771986757,20134,2598,4670,-0.0005075811855071149,0.27818615277639813,81,event_fe
peer_car_0_p1_mm,specz_ai_active,-0.0008392342460492267,0.0005399943123138286,-1.5541538622012168,0.12014771986757,20134,2598,4670,-0.0005075811855071149,0.27818615277639813,81,event_fe_peer_industry_week_fe
peer_car_m1_p1_mm,specz_ai_active,-0.0012877366584114803,0.0006640219073178834,-1.93929845419243,0.05246500701805612,20134,2598,4670,-0.0003181783510297705,0.27818615277639813,81,event_fe
peer_car_m1_p1_mm,specz_ai_active,-0.0012877366584114801,0.0006640219073178834,-1.9392984541924299,0.05246500701805612,20134,2598,4670,-0.0003181783510297705,0.27818615277639813,81,event_fe_peer_industry_week_fe
peer_car_0_p1_mm,specz_ai_active,0.00040861094618810585,0.0005747834892786568,0.7108954133336457,0.47714904849299344,20160,2599,4677,-0.0011653361063301965,0.27787698412698414,82,event_fe
peer_car_0_p1_mm,specz_ai_active,0.00040861094618810595,0.0005747834892786568,0.7108954133336459,0.47714904849299344,20160,2599,4677,-0.0011653361063301965,0.27787698412698414,82,event_fe_peer_industry_week_fe
peer_car_m1_p1_mm,specz_ai_active,0.0001269262302670075,0.0006872276115438106,0.1846931469791737,0.8534697216237266,20160,2599,4677,-0.0010420638776899797,0.27787698412698414,82,event_fe
peer_car_m1_p1_mm,specz_ai_active,0.00012692623026700772,0.0006872276115438106,0.18469314697917402,0.8534697216237261,20160,2599,4677,-0.0010420638776899797,0.27787698412698414,82,event_fe_peer_industry_week_fe
peer_car_0_p1_mm,specz_ai_active,-0.0005320360710863436,0.0005633442196109848,-0.9444244789690733,0.3449527772706986,20174,2598,4645,-0.0008978227869842365,0.2765440666204025,83,event_fe
peer_car_0_p1_mm,specz_ai_active,-0.0005320360710863437,0.0005633442196109848,-0.9444244789690736,0.3449527772706984,20174,2598,4645,-0.0008978227869842365,0.2765440666204025,83,event_fe_peer_industry_week_fe
peer_car_m1_p1_mm,specz_ai_active,-0.0004222910189332985,0.000680978381682011,-0.6201239720565624,0.5351761708496225,20174,2598,4645,-0.0009760388255937515,0.2765440666204025,83,event_fe
peer_car_m1_p1_mm,specz_ai_active,-0.0004222910189332985,0.000680978381682011,-0.6201239720565624,0.5351761708496225,20174,2598,4645,-0.0009760388255937515,0.2765440666204025,83,event_fe_peer_industry_week_fe
peer_car_0_p1_mm,specz_ai_active,-0.00019519965777818775,0.0005674900349819607,-0.34397019462093764,0.7308687011876571,20092,2597,4637,-0.0009044962072569681,0.27374079235516624,84,event_fe
peer_car_0_p1_mm,specz_ai_active,-0.00019519965777818775,0.0005674900349819607,-0.34397019462093764,0.7308687011876571,20092,2597,4637,-0.0009044962072569681,0.27374079235516624,84,event_fe_peer_industry_week_fe
peer_car_m1_p1_mm,specz_ai_active,-0.0007476514618409255,0.0006778764668836982,-1.1029317263040472,0.27005681527825187,20092,2597,4637,-0.0008060188562103511,0.27374079235516624,84,event_fe
peer_car_m1_p1_mm,specz_ai_active,-0.0007476514618409255,0.0006778764668836982,-1.1029317263040472,0.27005681527825187,20092,2597,4637,-0.0008060188562103511,0.27374079235516624,84,event_fe_peer_industry_week_fe
peer_car_0_p1_mm,specz_ai_active,0.0003698902377031234,0.0005276963362519048,0.7009528251235575,0.4833324561481791,20249,2600,4658,-0.0005562979874301048,0.27882858412761125,85,event_fe
peer_car_0_p1_mm,specz_ai_active,0.0003698902377031234,0.0005276963362519047,0.7009528251235576,0.4833324561481791,20249,2600,4658,-0.0005562979874301048,0.27882858412761125,85,event_fe_peer_industry_week_fe
peer_car_m1_p1_mm,specz_ai_active,-4.688070047130806e-05,0.0006556585752528443,-0.07150169652433702,0.9429984743847448,20249,2600,4658,-0.000621800709842925,0.27882858412761125,85,event_fe
peer_car_m1_p1_mm,specz_ai_active,-4.688070047130815e-05,0.0006556585752528442,-0.07150169652433717,0.9429984743847448,20249,2600,4658,-0.000621800709842925,0.27882858412761125,85,event_fe_peer_industry_week_fe
peer_car_0_p1_mm,specz_ai_active,-0.0005193562057495749,0.0005330748275223692,-0.9742651105163681,0.32992492326089407,20194,2600,4653,-0.000751343573158664,0.27780528869961374,86,event_fe
peer_car_0_p1_mm,specz_ai_active,-0.000519356205749575,0.0005330748275223692,-0.9742651105163683,0.32992492326089407,20194,2600,4653,-0.000751343573158664,0.27780528869961374,86,event_fe_peer_industry_week_fe
peer_car_m1_p1_mm,specz_ai_active,-0.00012900145560816828,0.0006436448929349135,-0.20042333439475163,0.8411495115028438,20194,2600,4653,-0.0006641526936098071,0.27780528869961374,86,event_fe
peer_car_m1_p1_mm,specz_ai_active,-0.00012900145560816817,0.0006436448929349135,-0.20042333439475146,0.841149511502844,20194,2600,4653,-0.0006641526936098071,0.27780528869961374,86,event_fe_peer_industry_week_fe
peer_car_0_p1_mm,specz_ai_active,-0.00037571117980716285,0.0005062165738736684,-0.7421945451768742,0.4579694730705657,20285,2599,4662,-0.0005167323650344195,0.27882671925067787,87,event_fe
peer_car_0_p1_mm,specz_ai_active,-0.00037571117980716274,0.0005062165738736684,-0.742194545176874,0.4579694730705657,20285,2599,4662,-0.0005167323650344195,0.27882671925067787,87,event_fe_peer_industry_week_fe
peer_car_m1_p1_mm,specz_ai_active,-0.00041897850600493226,0.000653885947611727,-0.6407516594219865,0.5216840447266413,20285,2599,4662,-0.00046745452137047995,0.27882671925067787,87,event_fe
peer_car_m1_p1_mm,specz_ai_active,-0.00041897850600493226,0.000653885947611727,-0.6407516594219865,0.5216840447266413,20285,2599,4662,-0.00046745452137047995,0.27882671925067787,87,event_fe_peer_industry_week_fe
peer_car_0_p1_mm,specz_ai_active,-1.2239009541684502e-05,0.0005457688744171834,-0.022425261159779983,0.9821087299249796,20155,2599,4635,-0.000972067998340901,0.27700322500620195,88,event_fe
peer_car_0_p1_mm,specz_ai_active,-1.223900954168472e-05,0.0005457688744171834,-0.022425261159780382,0.9821087299249793,20155,2599,4635,-0.000972067998340901,0.27700322500620195,88,event_fe_peer_industry_week_fe
peer_car_m1_p1_mm,specz_ai_active,-0.00010911228400126929,0.0006334077389816164,-0.17226231586102567,0.8632313090249915,20155,2599,4635,-0.0007677115438940978,0.27700322500620195,88,event_fe
peer_car_m1_p1_mm,specz_ai_active,-0.00010911228400126941,0.0006334077389816164,-0.17226231586102583,0.8632313090249915,20155,2599,4635,-0.0007677115438940978,0.27700322500620195,88,event_fe_peer_industry_week_fe
peer_car_0_p1_mm,specz_ai_active,0.00011452783382652628,0.000511019122453839,0.2241165326193282,0.8226666284935884,20195,2598,4666,-0.00046021798181128577,0.2771478088635801,89,event_fe
peer_car_0_p1_mm,specz_ai_active,0.00011452783382652617,0.000511019122453839,0.22411653261932798,0.8226666284935886,20195,2598,4666,-0.00046021798181128577,0.2771478088635801,89,event_fe_peer_industry_week_fe
peer_car_m1_p1_mm,specz_ai_active,0.0003876115581116937,0.0006369892798452903,0.6085056222701823,0.5428521782089271,20195,2598,4666,-0.00020701451489204571,0.2771478088635801,89,event_fe
peer_car_m1_p1_mm,specz_ai_active,0.00038761155811169374,0.0006369892798452904,0.6085056222701823,0.5428521782089271,20195,2598,4666,-0.00020701451489204571,0.2771478088635801,89,event_fe_peer_industry_week_fe
peer_car_0_p1_mm,specz_ai_active,0.0005105300135554893,0.0005326172566251202,0.958530740799529,0.3377951979405447,20141,2599,4674,-0.0006418665962936237,0.27659997021001936,90,event_fe
peer_car_0_p1_mm,specz_ai_active,0.0005105300135554892,0.0005326172566251202,0.9585307407995288,0.33779519794054513,20141,2599,4674,-0.0006418665962936237,0.27659997021001936,90,event_fe_peer_industry_week_fe
peer_car_m1_p1_mm,specz_ai_active,0.0008965300216363327,0.0006722918475553906,1.3335429023813457,0.18235370618516766,20141,2599,4674,-0.000901372229806602,0.27659997021001936,90,event_fe
peer_car_m1_p1_mm,specz_ai_active,0.0008965300216363327,0.0006722918475553906,1.3335429023813457,0.18235370618516766,20141,2599,4674,-0.000901372229806602,0.27659997021001936,90,event_fe_peer_industry_week_fe
peer_car_0_p1_mm,specz_ai_active,-0.0008775792463100896,0.0005244370062890305,-1.6733739911298966,0.09425369468768907,20166,2599,4670,-0.0007779404186137208,0.2757611821878409,91,event_fe
peer_car_0_p1_mm,specz_ai_active,-0.0008775792463100896,0.0005244370062890305,-1.6733739911298966,0.09425369468768907,20166,2599,4670,-0.0007779404186137208,0.2757611821878409,91,event_fe_peer_industry_week_fe
peer_car_m1_p1_mm,specz_ai_active,-0.0008822863344690652,0.0006358053211817694,-1.3876674275533938,0.16523833890924666,20166,2599,4670,-0.0003536990362772683,0.2757611821878409,91,event_fe
peer_car_m1_p1_mm,specz_ai_active,-0.0008822863344690654,0.0006358053211817694,-1.3876674275533942,0.16523833890924644,20166,2599,4670,-0.0003536990362772683,0.2757611821878409,91,event_fe_peer_industry_week_fe
peer_car_0_p1_mm,specz_ai_active,-0.0007334583188706899,0.0005233183131774069,-1.401552937097473,0.16104878913492193,20062,2599,4680,-0.00043514268945642936,0.27649287209650086,92,event_fe
peer_car_0_p1_mm,specz_ai_active,-0.0007334583188706901,0.0005233183131774069,-1.4015529370974735,0.1610487891349215,20062,2599,4680,-0.00043514268945642936,0.27649287209650086,92,event_fe_peer_industry_week_fe
peer_car_m1_p1_mm,specz_ai_active,-0.0010355452892678826,0.0006414126425336729,-1.6144759560356163,0.10642422802348683,20062,2599,4680,-0.00031220271713282435,0.27649287209650086,92,event_fe
peer_car_m1_p1_mm,specz_ai_active,-0.0010355452892678826,0.0006414126425336729,-1.6144759560356163,0.10642422802348683,20062,2599,4680,-0.00031220271713282435,0.27649287209650086,92,event_fe_peer_industry_week_fe
peer_car_0_p1_mm,specz_ai_active,-0.0001293583042747367,0.0005850563498435468,-0.22110400871527863,0.8250114489989031,20004,2600,4671,-0.0009436752002585403,0.27924415116976603,93,event_fe
peer_car_0_p1_mm,specz_ai_active,-0.00012935830427473683,0.0005850563498435468,-0.22110400871527888,0.8250114489989029,20004,2600,4671,-0.0009436752002585403,0.27924415116976603,93,event_fe_peer_industry_week_fe
peer_car_m1_p1_mm,specz_ai_active,8.536431300603643e-06,0.0007009762502127237,0.012177918007939801,0.9902836673974214,20004,2600,4671,-0.0009060252384584049,0.27924415116976603,93,event_fe
peer_car_m1_p1_mm,specz_ai_active,8.536431300603616e-06,0.0007009762502127234,0.012177918007939766,0.9902836673974214,20004,2600,4671,-0.0009060252384584049,0.27924415116976603,93,event_fe_peer_industry_week_fe
peer_car_0_p1_mm,specz_ai_active,-0.0004946763993772047,0.0005418895810792943,-0.9128730587363315,0.36130930838258113,20230,2600,4672,-0.000761467455628715,0.2775086505190311,94,event_fe
peer_car_0_p1_mm,specz_ai_active,-0.0004946763993772047,0.0005418895810792943,-0.9128730587363315,0.36130930838258113,20230,2600,4672,-0.000761467455628715,0.2775086505190311,94,event_fe_peer_industry_week_fe
peer_car_m1_p1_mm,specz_ai_active,-0.0004250079299064695,0.0006315617713728766,-0.6729475233793768,0.5009806766850278,20230,2600,4672,-0.0007239241405119502,0.2775086505190311,94,event_fe
peer_car_m1_p1_mm,specz_ai_active,-0.0004250079299064695,0.0006315617713728766,-0.6729475233793768,0.5009806766850278,20230,2600,4672,-0.0007239241405119502,0.2775086505190311,94,event_fe_peer_industry_week_fe
peer_car_0_p1_mm,specz_ai_active,0.0006781042877793977,0.0005283847793399756,1.2833531817976325,0.19936836850375883,20102,2598,4683,-0.0006781319066851624,0.27982290319371206,95,event_fe
peer_car_0_p1_mm,specz_ai_active,0.0006781042877793978,0.0005283847793399756,1.2833531817976327,0.1993683685037586,20102,2598,4683,-0.0006781319066851624,0.27982290319371206,95,event_fe_peer_industry_week_fe
peer_car_m1_p1_mm,specz_ai_active,0.0008320328057248835,0.0006673444073821647,1.2467817164884212,0.2124775462524866,20102,2598,4683,-0.0007971397804014068,0.27982290319371206,95,event_fe
peer_car_m1_p1_mm,specz_ai_active,0.0008320328057248836,0.0006673444073821648,1.2467817164884212,0.2124775462524866,20102,2598,4683,-0.0007971397804014068,0.27982290319371206,95,event_fe_peer_industry_week_fe
peer_car_0_p1_mm,specz_ai_active,0.0005330825720056627,0.0004942355974047435,1.0786001146111424,0.280766030206399,20139,2598,4650,-0.0009222107957190856,0.28119568995481403,96,event_fe
peer_car_0_p1_mm,specz_ai_active,0.0005330825720056626,0.0004942355974047436,1.078600114611142,0.28076603020639923,20139,2598,4650,-0.0009222107957190856,0.28119568995481403,96,event_fe_peer_industry_week_fe
peer_car_m1_p1_mm,specz_ai_active,-0.00037342574728122945,0.000566833793238713,-0.6587923157290786,0.5100291424410743,20139,2598,4650,-0.0005626312037190618,0.28119568995481403,96,event_fe
peer_car_m1_p1_mm,specz_ai_active,-0.00037342574728122977,0.0005668337932387132,-0.6587923157290789,0.5100291424410741,20139,2598,4650,-0.0005626312037190618,0.28119568995481403,96,event_fe_peer_industry_week_fe
peer_car_0_p1_mm,specz_ai_active,0.0005260982858940532,0.0004842946594797688,1.0863185781548574,0.2773380703961199,20086,2599,4656,-0.0006288851937852805,0.2751169969132729,97,event_fe
peer_car_0_p1_mm,specz_ai_active,0.0005260982858940532,0.0004842946594797688,1.0863185781548574,0.2773380703961199,20086,2599,4656,-0.0006288851937852805,0.2751169969132729,97,event_fe_peer_industry_week_fe
peer_car_m1_p1_mm,specz_ai_active,0.00035115280247200457,0.0005963759852917427,0.5888111042905646,0.5559879960044039,20086,2599,4656,-0.0004533766935342845,0.2751169969132729,97,event_fe
peer_car_m1_p1_mm,specz_ai_active,0.0003511528024720043,0.0005963759852917427,0.5888111042905642,0.5559879960044043,20086,2599,4656,-0.0004533766935342845,0.2751169969132729,97,event_fe_peer_industry_week_fe
peer_car_0_p1_mm,specz_ai_active,0.00017781833993663383,0.0005235625819208832,0.3396314902494395,0.7341340605389579,20106,2597,4644,-0.0008911941435930369,0.2775290957923008,98,event_fe
peer_car_0_p1_mm,specz_ai_active,0.0001778183399366339,0.0005235625819208832,0.33963149024943967,0.7341340605389577,20106,2597,4644,-0.0008911941435930369,0.2775290957923008,98,event_fe_peer_industry_week_fe
peer_car_m1_p1_mm,specz_ai_active,-0.0002677481381622932,0.0006553627546734637,-0.408549518954124,0.6828702833175719,20106,2597,4644,-0.0007863239132567614,0.2775290957923008,98,event_fe
peer_car_m1_p1_mm,specz_ai_active,-0.00026774813816229335,0.0006553627546734637,-0.4085495189541242,0.6828702833175717,20106,2597,4644,-0.0007863239132567614,0.2775290957923008,98,event_fe_peer_industry_week_fe
peer_car_0_p1_mm,specz_ai_active,0.0004029174610095025,0.0005705231869678726,0.7062245149945005,0.4800485273034669,20044,2597,4659,-0.0006548171206242425,0.27225104769507086,99,event_fe
peer_car_0_p1_mm,specz_ai_active,0.00040291746100950274,0.0005705231869678726,0.7062245149945009,0.4800485273034667,20044,2597,4659,-0.0006548171206242425,0.27225104769507086,99,event_fe_peer_industry_week_fe
peer_car_m1_p1_mm,specz_ai_active,0.0004171135199964887,0.0006995835418885683,0.5962311790103944,0.5510207993167204,20044,2597,4659,-0.000519829693704458,0.27225104769507086,99,event_fe
peer_car_m1_p1_mm,specz_ai_active,0.0004171135199964887,0.0006995835418885683,0.5962311790103944,0.5510207993167204,20044,2597,4659,-0.000519829693704458,0.27225104769507086,99,event_fe_peer_industry_week_fe
peer_car_0_p1_mm,specz_ai_active,-1.6082638159917508e-05,0.0005296298018397712,-0.03036581042843768,0.9757753116000589,20210,2598,4668,-0.0010021605933946852,0.27486392874814447,100,event_fe
peer_car_0_p1_mm,specz_ai_active,-1.6082638159917518e-05,0.0005296298018397712,-0.030365810428437702,0.9757753116000589,20210,2598,4668,-0.0010021605933946852,0.27486392874814447,100,event_fe_peer_industry_week_fe
peer_car_m1_p1_mm,specz_ai_active,0.0008249631953070641,0.0006593665203018129,1.2511451065629664,0.2108815413270566,20210,2598,4668,-0.0008268722516157274,0.27486392874814447,100,event_fe
peer_car_m1_p1_mm,specz_ai_active,0.0008249631953070641,0.0006593665203018129,1.2511451065629664,0.2108815413270566,20210,2598,4668,-0.0008268722516157274,0.27486392874814447,100,event_fe_peer_industry_week_fe
